Date,Open,High,Low,Close,Volume
2014-05-14 04:00:00,21.0,21.0,19.5,20.06,297803
2014-05-15 04:00:00,20.06,21.0,20.06,20.87,306824
2014-05-16 04:00:00,20.75,20.75,19.51,19.98,187870
2014-05-19 04:00:00,20.0,20.5,19.82,20.34,205898
2014-05-20 04:00:00,20.5,20.65,20.34,20.49,328326
2014-05-21 04:00:00,20.5,21.0,20.39,20.7,331214
2014-05-22 04:00:00,20.63,21.23,20.49,21.0,406976
2014-05-23 04:00:00,21.0,21.25,20.89,21.25,598161
2014-05-27 04:00:00,21.25,21.3,20.85,20.99,1312437
2014-05-28 04:00:00,21.0,21.49,20.14,21.08,3822204
2014-05-29 04:00:00,20.65,20.81,20.0,20.5,5975400
2014-05-30 04:00:00,20.31,20.35,19.52,19.9,6874516
2014-06-02 04:00:00,19.73,20.08,19.25,19.84,2833279
2014-06-03 04:00:00,19.62,20.19,19.48,19.92,1224804
2014-06-04 04:00:00,19.58,19.75,18.8,19.15,4438338
2014-06-05 04:00:00,18.52,19.21,18.52,19.07,6648546
2014-06-06 04:00:00,18.8,19.36,18.71,19.22,2346369
2014-06-09 04:00:00,19.07,19.28,18.96,19.21,2845713
2014-06-10 04:00:00,19.12,19.38,19.0,19.32,2456143
2014-06-11 04:00:00,19.09,19.3,19.03,19.24,4802805
2014-06-12 04:00:00,19.11,19.24,18.9,19.15,1288940
2014-06-13 04:00:00,19.02,19.21,18.91,19.21,1856398
2014-06-16 04:00:00,19.1,19.46,19.09,19.34,2871015
2014-06-17 04:00:00,19.43,19.81,19.32,19.65,2611380
2014-06-18 04:00:00,19.55,19.88,19.55,19.73,3959635
2014-06-19 04:00:00,19.83,19.835,19.47,19.62,1693512
2014-06-20 04:00:00,19.64,19.7,19.13,19.2,1553568
2014-06-23 04:00:00,19.36,19.4,19.12,19.32,968951
2014-06-24 04:00:00,19.2,19.3325,19.1,19.18,903339
2014-06-25 04:00:00,19.18,19.36,18.99,19.05,901988
2014-06-26 04:00:00,19.04,19.11,18.79,18.94,1454853
2014-06-27 04:00:00,18.85,18.98,18.55,18.6,1544521
2014-06-30 04:00:00,18.75,18.84,18.59,18.75,1350848
2014-07-01 04:00:00,18.77,19.2,18.67,19.02,1413587
2014-07-02 04:00:00,19.05,19.17,18.81,18.98,1115904
2014-07-03 04:00:00,18.9,19.27,18.72,19.17,648717
2014-07-07 04:00:00,19.08,19.43,18.86,19.23,991910
2014-07-08 04:00:00,19.2,19.56,19.19,19.49,962549
2014-07-09 04:00:00,19.3,19.54,18.97,19.52,1143902
2014-07-10 04:00:00,19.47,19.67,19.27,19.3,1035819
2014-07-11 04:00:00,19.24,19.37,19.19,19.37,411832
2014-07-14 04:00:00,19.36,19.36,19.11,19.26,547941
2014-07-15 04:00:00,19.25,19.4,19.05,19.1,507521
2014-07-16 04:00:00,19.11,19.2,18.92,19.13,704285
2014-07-17 04:00:00,19.05,19.14,18.99,19.09,485941
2014-07-18 04:00:00,19.09,19.2,19.045,19.17,538993
2014-07-21 04:00:00,19.08,19.21,18.83,18.94,665969
2014-07-22 04:00:00,18.96,19.23,18.86,18.96,1180386
2014-07-23 04:00:00,18.95,19.21,18.745,19.16,1190345
2014-07-24 04:00:00,19.15,19.32,19.1,19.27,1269587
2014-07-25 04:00:00,19.24,19.4,19.02,19.0925,1905155
2014-07-28 04:00:00,19.09,19.26,18.99,19.12,874359
2014-07-29 04:00:00,19.15,19.32,19.09,19.09,738599
2014-07-30 04:00:00,19.1,19.25,18.9904,19.12,1031760
2014-07-31 04:00:00,19.06,19.13,18.86,18.89,881217
2014-08-01 04:00:00,18.92,19.22,18.72,18.95,1064731
2014-08-04 04:00:00,18.95,18.975,18.71,18.82,797730
2014-08-05 04:00:00,18.78,18.84,18.47,18.555,783256
2014-08-06 04:00:00,18.54,18.76,18.5,18.57,886614
2014-08-07 04:00:00,18.57,18.89,18.47,18.6,977541
2014-08-08 04:00:00,18.71,19.03,18.53,18.99,2230829
2014-08-11 04:00:00,18.94,19.4,18.84,19.19,2627074
2014-08-12 04:00:00,19.22,19.36,19.1,19.18,756737
2014-08-13 04:00:00,19.3,19.61,19.04,19.085,1447873
2014-08-14 04:00:00,19.02,19.455,18.97,19.25,773533
2014-08-15 04:00:00,19.28,19.42,19.07,19.36,616482
2014-08-18 04:00:00,19.45,19.585,19.33,19.56,873881
2014-08-19 04:00:00,19.56,19.69,19.55,19.63,1204728
2014-08-20 04:00:00,19.61,19.71,19.43,19.68,623339
2014-08-21 04:00:00,19.62,19.65,19.34,19.595,348157
2014-08-22 04:00:00,19.54,19.74,19.36,19.41,478335
2014-08-25 04:00:00,19.24,19.37,19.06,19.24,241596
2014-08-26 04:00:00,19.2,19.62,19.17,19.505,1119941
2014-08-27 04:00:00,19.46,19.56,19.26,19.31,450371
2014-08-28 04:00:00,19.25,19.57,19.25,19.49,564089
2014-08-29 04:00:00,19.54,19.72,19.355,19.52,618017
2014-09-02 04:00:00,19.49,19.67,19.41,19.54,914131
2014-09-03 04:00:00,19.56,19.64,19.453,19.56,628169
2014-09-04 04:00:00,19.54,19.618,19.12,19.22,1155319
2014-09-05 04:00:00,19.28,19.44,18.89,19.04,2745770
2014-09-08 04:00:00,19.02,19.3,18.9,19.15,1248642
2014-09-09 04:00:00,19.16,19.18,19.04,19.07,687721
2014-09-10 04:00:00,19.05,19.2,18.99,19.07,691036
2014-09-11 04:00:00,19.02,19.2,18.9,19.12,705922
2014-09-12 04:00:00,19.08,19.17,18.33,18.58,1136996
2014-09-15 04:00:00,18.65,18.82,18.35,18.47,586081
2014-09-16 04:00:00,17.45,18.36,16.86,17.25,14086341
2014-09-17 04:00:00,17.21,17.31,16.8,16.83,3759312
2014-09-18 04:00:00,16.85,17.15,16.55,16.86,4065499
2014-09-19 04:00:00,16.99,17.27,16.92,17.14,2478583
2014-09-22 04:00:00,17.05,17.17,16.85,17.17,2967808
2014-09-23 04:00:00,17.08,17.45,17.06,17.19,3300925
2014-09-24 04:00:00,17.32,17.34,17.05,17.18,3262215
2014-09-25 04:00:00,17.2,17.24,16.74,16.98,2702155
2014-09-26 04:00:00,17.23,17.36,17.04,17.32,2561308
2014-09-29 04:00:00,17.21,17.32,17.1,17.3,2085579
2014-09-30 04:00:00,17.25,17.72,17.02,17.46,3963316
2014-10-01 04:00:00,17.53,17.55,17.22,17.36,2607729
2014-10-02 04:00:00,17.36,17.69,17.12,17.24,3006415
2014-10-03 04:00:00,17.33,17.415,17.1,17.33,1830462
2014-10-06 04:00:00,17.32,17.5,17.21,17.3,1537920
2014-10-07 04:00:00,17.27,17.31,17.01,17.01,1410239
2014-10-08 04:00:00,17.05,17.22,16.56,17.03,3047181
2014-10-09 04:00:00,17.05,17.27,16.59,16.69,1801526
2014-10-10 04:00:00,16.7,16.9,16.435,16.49,1825338
2014-10-13 04:00:00,16.52,16.85,16.17,16.2,1271316
2014-10-14 04:00:00,16.29,16.55,16.15,16.28,2014129
2014-10-15 04:00:00,16.11,16.7,15.88,16.37,1509354
2014-10-16 04:00:00,16.32,16.76,16.185,16.67,1716862
2014-10-17 04:00:00,16.77,17.03,16.34,16.57,2055679
2014-10-20 04:00:00,16.5,16.8,16.43,16.78,1158498
2014-10-21 04:00:00,16.85,17.06,16.72,16.99,1016187
2014-10-22 04:00:00,17.0,17.1,16.89,16.93,891046
2014-10-23 04:00:00,17.04,17.27,16.96,17.09,1253074
2014-10-24 04:00:00,17.1,17.4,16.98,17.34,1222019
2014-10-27 04:00:00,17.3099,17.57,17.21,17.55,1172507
2014-10-28 04:00:00,17.56,17.72,17.34,17.65,1238248
2014-10-29 04:00:00,17.64,17.91,17.55,17.9,1267617
2014-10-30 04:00:00,17.87,17.87,17.35,17.485,1171562
2014-10-31 04:00:00,17.55,17.66,17.275,17.63,1752040
2014-11-03 05:00:00,17.64,17.98,17.42,17.85,1111577
2014-11-04 05:00:00,17.94,17.94,17.2,17.81,1011860
2014-11-05 05:00:00,17.85,17.97,17.57,17.81,604729
2014-11-06 05:00:00,17.69,18.07,17.5686,17.88,1335741
2014-11-07 05:00:00,17.88,17.88,17.6,17.78,885550
2014-11-10 05:00:00,17.71,18.26,17.71,18.105,942765
2014-11-11 05:00:00,18.17,18.24,17.95,18.15,716805
2014-11-12 05:00:00,18.05,18.13,17.63,17.72,1092447
2014-11-13 05:00:00,17.79,17.95,17.72,17.84,757972
2014-11-14 05:00:00,17.87,17.965,17.68,17.76,876922
2014-11-17 05:00:00,17.74,17.85,17.47,17.5,1146724
2014-11-18 05:00:00,17.55,17.67,17.215,17.5,960765
2014-11-19 05:00:00,17.45,17.53,17.03,17.2,818489
2014-11-20 05:00:00,17.17,17.27,17.06,17.08,1382847
2014-11-21 05:00:00,17.3,17.52,17.25,17.41,675647
2014-11-24 05:00:00,17.19,17.46,17.09,17.4,916190
2014-11-25 05:00:00,17.49,17.55,17.3,17.45,1189361
2014-11-26 05:00:00,17.43,17.7,17.17,17.22,1111700
2014-11-28 05:00:00,17.21,17.48,17.13,17.215,374006
2014-12-01 05:00:00,17.15,17.15,16.82,16.99,1675113
2014-12-02 05:00:00,17.06,17.13,16.79,17.0,851437
2014-12-03 05:00:00,17.02,17.17,16.95,17.14,708867
2014-12-04 05:00:00,17.15,17.39,17.05,17.36,977907
2014-12-05 05:00:00,17.5,17.5,16.835,16.95,1556225
2014-12-08 05:00:00,16.93,17.29,16.9,17.05,1227046
2014-12-09 05:00:00,16.96,17.1,16.71,16.91,1159306
2014-12-10 05:00:00,16.87,16.93,16.57,16.71,1148469
2014-12-11 05:00:00,16.81,17.05,16.62,16.74,1567758
2014-12-12 05:00:00,16.66,16.995,16.57,16.69,832968
2014-12-15 05:00:00,16.73,16.775,16.25,16.26,1526586
2014-12-16 05:00:00,16.21,16.73,16.0803,16.44,1478078
2014-12-17 05:00:00,16.53,16.82,16.42,16.66,971045
2014-12-18 05:00:00,16.8,17.14,16.76,17.14,1301367
2014-12-19 05:00:00,17.091,17.36,17.05,17.25,2236857
2014-12-22 05:00:00,17.28,17.38,17.19,17.29,1033566
2014-12-23 05:00:00,17.45,17.53,16.98,17.01,729813
2014-12-24 05:00:00,17.05,17.28,17.0,17.11,457062
2014-12-26 05:00:00,17.13,17.34,17.09,17.15,435410
2014-12-29 05:00:00,17.14,17.63,16.95,17.19,1059244
2014-12-30 05:00:00,17.15,17.44,17.15,17.32,1100390
2014-12-31 05:00:00,17.38,17.55,17.21,17.23,941155
2015-01-02 05:00:00,17.31,17.45,17.23,17.4,597915
2015-01-05 05:00:00,17.37,17.82,17.29,17.58,1146585
2015-01-06 05:00:00,17.63,17.74,17.34,17.49,2119296
2015-01-07 05:00:00,17.5,18.04,17.35,18.01,2257730
2015-01-08 05:00:00,18.04,18.21,17.97,18.04,2626626
2015-01-09 05:00:00,18.1,18.14,17.685,17.7,1069870
2015-01-12 05:00:00,17.75,18.11,17.55,17.79,1884350
2015-01-13 05:00:00,17.84,18.08,17.58,17.86,2295000
2015-01-14 05:00:00,17.63,18.08,17.5,17.99,1471855
2015-01-15 05:00:00,18.07,18.18,17.63,18.15,2447007
2015-01-16 05:00:00,18.11,18.2,17.67,18.02,1499157
2015-01-20 05:00:00,18.05,18.1,17.18,17.27,1806216
2015-01-21 05:00:00,17.29,17.48,17.1,17.45,1197490
2015-01-22 05:00:00,17.46,18.07,17.41,17.98,1512161
2015-01-23 05:00:00,17.97,18.04,17.85,18.02,2853703
2015-01-26 05:00:00,18.01,18.01,17.77,17.98,1054250
2015-01-27 05:00:00,17.84,17.93,17.75,17.79,636804
2015-01-28 05:00:00,17.91,17.91,17.51,17.52,1491429
2015-01-29 05:00:00,17.5,17.8,17.468,17.74,1097846
2015-01-30 05:00:00,17.71,17.85,17.5,17.69,854522
2015-02-02 05:00:00,17.71,17.91,17.4,17.49,1381759
2015-02-03 05:00:00,17.44,17.51,17.33,17.4,1244862
2015-02-04 05:00:00,17.3,17.41,17.19,17.29,802785
2015-02-05 05:00:00,17.39,17.7,17.31,17.6,1046042
2015-02-06 05:00:00,17.6,17.6,17.08,17.14,685852
2015-02-09 05:00:00,17.09,17.33,16.985,17.13,1158044
2015-02-10 05:00:00,17.14,17.2,16.88,16.96,1283077
2015-02-11 05:00:00,16.95,17.09,16.81,16.905,478718
2015-02-12 05:00:00,16.98,17.13,16.89,17.05,1120146
2015-02-13 05:00:00,17.05,17.16,16.83,17.09,614444
2015-02-17 05:00:00,17.0,17.2,16.94,17.05,750108
2015-02-18 05:00:00,17.01,17.305,16.96,17.27,845227
2015-02-19 05:00:00,17.23,17.31,17.06,17.14,589937
2015-02-20 05:00:00,17.08,17.35,17.0,17.3,724041
2015-02-23 05:00:00,17.35,17.52,17.23,17.48,899417
2015-02-24 05:00:00,17.46,17.52,17.22,17.3,639267
2015-02-25 05:00:00,17.29,17.79,17.2001,17.7,1606611
2015-02-26 05:00:00,17.7,17.78,17.33,17.52,1131366
2015-02-27 05:00:00,17.52,17.56,17.31,17.34,1684813
2015-03-02 05:00:00,17.35,17.53,17.21,17.29,725841
2015-03-03 05:00:00,17.25,17.25,16.96,17.025,783417
2015-03-04 05:00:00,16.85,16.91,16.64,16.71,664747
2015-03-05 05:00:00,16.75,16.94,16.72,16.77,361947
2015-03-06 05:00:00,16.61,16.61,16.17,16.36,1480258
2015-03-09 04:00:00,16.47,16.5,16.04,16.25,1103833
2015-03-10 04:00:00,16.24,16.32,16.11,16.14,1036447
2015-03-11 04:00:00,16.18,16.39,16.04,16.32,730753
2015-03-12 04:00:00,16.39,16.57,16.3,16.53,494474
2015-03-13 04:00:00,16.47,16.68,16.315,16.53,1642859
2015-03-16 04:00:00,16.62,16.93,16.6,16.73,1487621
2015-03-17 04:00:00,16.66,16.8,16.39,16.43,1123677
2015-03-18 04:00:00,16.4,16.86,16.35,16.69,1638342
2015-03-19 04:00:00,16.64,16.91,16.59,16.71,1359626
2015-03-20 04:00:00,16.8,17.08,16.73,17.06,3299021
2015-03-23 04:00:00,17.03,17.08,16.921,17.02,856248
2015-03-24 04:00:00,16.96,17.01,16.68,16.95,1149320
2015-03-25 04:00:00,16.97,17.035,16.45,16.49,2239594
2015-03-26 04:00:00,16.42,16.72,16.42,16.61,1697226
2015-03-27 04:00:00,16.66,16.746,16.55,16.58,1076232
2015-03-30 04:00:00,16.64,16.74,16.54,16.71,949240
2015-03-31 04:00:00,16.67,16.75,16.57,16.62,1253681
2015-04-01 04:00:00,16.63,16.63,16.39,16.45,3017226
2015-04-02 04:00:00,16.41,16.5,16.36,16.39,2901258
2015-04-06 04:00:00,16.42,16.72,16.385,16.62,1537835
2015-04-07 04:00:00,16.63,16.706,16.315,16.32,1500239
2015-04-08 04:00:00,16.38,16.43,16.26,16.27,1445649
2015-04-09 04:00:00,16.26,16.27,15.93,16.03,2578431
2015-04-10 04:00:00,16.07,16.22,15.9,16.0,1259065
2015-04-13 04:00:00,15.98,16.05,15.91,15.91,1050674
2015-04-14 04:00:00,15.94,16.13,15.92,15.98,805366
2015-04-15 04:00:00,16.02,16.02,15.74,15.74,1417398
2015-04-16 04:00:00,15.71,15.72,15.6,15.61,1125030
2015-04-17 04:00:00,15.57,15.65,15.42,15.42,3569169
2015-04-20 04:00:00,15.48,15.56,15.395,15.4,1594567
2015-04-21 04:00:00,15.46,15.565,15.295,15.31,1507114
2015-04-22 04:00:00,15.32,15.34,15.26,15.31,955324
2015-04-23 04:00:00,15.34,15.64,15.33,15.57,1206667
2015-04-24 04:00:00,15.56,15.72,15.43,15.59,1565925
2015-04-27 04:00:00,15.59,15.74,15.525,15.62,1502061
2015-04-28 04:00:00,15.57,15.61,15.4,15.5,863303
2015-04-29 04:00:00,15.4,15.43,15.17,15.2,2557357
2015-04-30 04:00:00,15.13,15.192,14.89,15.0,1683025
2015-05-01 04:00:00,15.02,15.16,15.02,15.06,666512
2015-05-04 04:00:00,15.08,15.16,14.98,15.07,1437703
2015-05-05 04:00:00,15.01,15.11,14.79,14.81,1991910
2015-05-06 04:00:00,14.8,14.92,14.62,14.74,1861535
2015-05-07 04:00:00,14.73,14.9499,14.42,14.59,1599440
2015-05-08 04:00:00,14.76,14.94,14.6,14.62,1677310
2015-05-11 04:00:00,14.6,14.75,14.48,14.49,1600808
2015-05-12 04:00:00,14.41,14.575,14.3,14.455,1173122
2015-05-13 04:00:00,14.48,14.62,14.41,14.59,2160982
2015-05-14 04:00:00,14.7,14.95,14.61,14.93,1156810
2015-05-15 04:00:00,14.96,14.96,14.74,14.76,1405500
2015-05-18 04:00:00,14.72,14.8,14.64,14.68,1014776
2015-05-19 04:00:00,14.66,14.66,14.53,14.55,1105541
2015-05-20 04:00:00,14.54,14.6,14.36,14.37,1122442
2015-05-21 04:00:00,14.38,14.49,14.255,14.29,668272
2015-05-22 04:00:00,14.25,14.31,14.19,14.28,1765872
2015-05-26 04:00:00,14.25,14.3,14.14,14.2,1693023
2015-05-27 04:00:00,14.18,14.31,14.1325,14.19,2949056
2015-05-28 04:00:00,14.21,14.29,14.09,14.15,857071
2015-05-29 04:00:00,14.15,14.19,14.02,14.06,2428602
2015-06-01 04:00:00,13.83,13.98,13.75,13.95,1381327
2015-06-02 04:00:00,13.88,13.95,13.82,13.86,1740659
2015-06-03 04:00:00,13.78,13.9,13.53,13.54,2403180
2015-06-04 04:00:00,13.55,13.68,13.489,13.68,1412186
2015-06-05 04:00:00,13.54,13.64,13.52,13.56,1320472
2015-06-08 04:00:00,13.56,13.59,13.47,13.48,956853
2015-06-09 04:00:00,13.49,13.51,13.2,13.23,1332865
2015-06-10 04:00:00,13.25,13.34,12.98,13.01,1628522
2015-06-11 04:00:00,13.03,13.32,12.98,13.3,1501218
2015-06-12 04:00:00,13.28,13.45,13.24,13.41,1439572
2015-06-15 04:00:00,13.38,13.53,13.32,13.34,3856931
2015-06-16 04:00:00,13.32,13.52,13.28,13.51,1494791
2015-06-17 04:00:00,13.49,14.15,13.49,14.11,3048706
2015-06-18 04:00:00,14.11,14.4,14.01,14.31,2510096
2015-06-19 04:00:00,14.3,14.3,14.04,14.28,1874997
2015-06-22 04:00:00,14.26,14.36,14.13,14.14,1017637
2015-06-23 04:00:00,14.03,14.03,13.77,13.81,1510578
2015-06-24 04:00:00,13.82,13.85,13.65,13.71,1921035
2015-06-25 04:00:00,13.68,13.78,13.53,13.55,1826555
2015-06-26 04:00:00,13.51,13.83,13.47,13.8,2025399
2015-06-29 04:00:00,13.78,13.87,13.63,13.65,1727988
2015-06-30 04:00:00,13.65,13.77,13.48,13.52,2416064
2015-07-01 04:00:00,13.57,13.89,13.46,13.86,1811883
2015-07-02 04:00:00,13.93,14.08,13.86,13.9,2745957
2015-07-06 04:00:00,13.8,13.92,13.76,13.9,1173632
2015-07-07 04:00:00,13.93,14.29,13.87,14.24,1727714
2015-07-08 04:00:00,14.16,14.24,14.06,14.15,1121521
2015-07-09 04:00:00,14.18,14.22,13.88,13.885,1269345
2015-07-10 04:00:00,13.94,14.06,13.87,13.93,1082071
2015-07-13 04:00:00,13.98,14.11,13.83,13.9,991148
2015-07-14 04:00:00,13.91,13.97,13.845,13.93,506202
2015-07-15 04:00:00,13.88,14.1,13.82,14.065,736299
2015-07-16 04:00:00,14.11,14.18,13.96,14.04,588255
2015-07-17 04:00:00,14.03,14.0846,13.92,13.95,454949
2015-07-20 04:00:00,13.94,13.98,13.82,13.91,490509
2015-07-21 04:00:00,13.9,14.05,13.8,13.86,539690
2015-07-22 04:00:00,13.86,13.98,13.84,13.87,361131
2015-07-23 04:00:00,13.87,13.88,13.5,13.59,670404
2015-07-24 04:00:00,13.58,13.72,13.54,13.68,547241
2015-07-27 04:00:00,13.66,13.82,13.55,13.61,664538
2015-07-28 04:00:00,13.62,13.72,13.54,13.58,467245
2015-07-29 04:00:00,13.91,13.91,13.615,13.84,1137840
2015-07-30 04:00:00,13.82,13.83,13.34,13.44,1334510
2015-07-31 04:00:00,13.52,13.79,13.49,13.535,992203
2015-08-03 04:00:00,13.55,13.83,13.46,13.79,1159133
2015-08-04 04:00:00,13.79,14.07,13.57,13.61,1222154
2015-08-05 04:00:00,13.61,13.69,13.26,13.27,1134351
2015-08-06 04:00:00,13.26,13.27,12.98,13.12,1356922
2015-08-07 04:00:00,13.11,13.15,12.96,13.11,855468
2015-08-10 04:00:00,13.15,13.23,13.0,13.01,702325
2015-08-11 04:00:00,12.98,13.28,12.98,13.07,881979
2015-08-12 04:00:00,13.05,13.42,12.995,13.39,1942786
2015-08-13 04:00:00,13.37,13.6578,13.28,13.43,791788
2015-08-14 04:00:00,13.41,13.54,13.33,13.475,612963
2015-08-17 04:00:00,13.48,13.62,13.36,13.6,690851
2015-08-18 04:00:00,13.58,13.61,13.48,13.55,468378
2015-08-19 04:00:00,13.5,13.578,13.27,13.34,726177
2015-08-20 04:00:00,13.29,13.3764,13.16,13.25,618829
2015-08-21 04:00:00,13.17,13.21,12.99,13.03,1240746
2015-08-24 04:00:00,12.66,12.71,12.18,12.225,1443167
2015-08-25 04:00:00,12.4,12.49,12.12,12.13,1993735
2015-08-26 04:00:00,12.31,12.414,12.1565,12.35,1565945
2015-08-27 04:00:00,12.44,12.93,12.39,12.71,1646898
2015-08-28 04:00:00,12.7,12.84,12.57,12.73,1435872
2015-08-31 04:00:00,12.36,12.5,12.0925,12.11,1508022
2015-09-01 04:00:00,11.94,12.04,11.71,11.74,993698
2015-09-02 04:00:00,11.81,11.85,11.555,11.7,887647
2015-09-03 04:00:00,11.73,11.9,11.72,11.81,486651
2015-09-04 04:00:00,11.75,11.8,11.525,11.56,567680
2015-09-08 04:00:00,11.68,11.73,11.56,11.61,1143834
2015-09-09 04:00:00,11.69,11.75,11.52,11.56,621077
2015-09-10 04:00:00,11.48,11.655,11.39,11.41,637864
2015-09-11 04:00:00,11.4,11.58,11.35,11.57,811536
2015-09-14 04:00:00,11.61,11.7,11.53,11.66,515517
2015-09-15 04:00:00,11.69,11.86,11.615,11.82,374662
2015-09-16 04:00:00,11.85,12.07,11.8493,11.99,823113
2015-09-17 04:00:00,11.98,12.28,11.89,12.05,899289
2015-09-18 04:00:00,11.91,12.11,11.9,11.96,858273
2015-09-21 04:00:00,12.0,12.29,12.0,12.18,841728
2015-09-22 04:00:00,12.05,12.11,11.945,11.98,681393
2015-09-23 04:00:00,12.03,12.065,11.94,12.02,543366
2015-09-24 04:00:00,11.97,12.28,11.76,11.87,775647
2015-09-25 04:00:00,11.9,12.09,11.84,12.06,1066796
2015-09-28 04:00:00,11.99,12.046,11.59,11.7,608972
2015-09-29 04:00:00,11.73,11.8,11.55,11.62,837711
2015-09-30 04:00:00,11.68,11.89,11.51,11.66,843412
2015-10-01 04:00:00,11.68,11.75,11.52,11.61,1639060
2015-10-02 04:00:00,11.55,11.695,11.33,11.57,1518818
2015-10-05 04:00:00,11.64,12.05,11.6,12.03,1719217
2015-10-06 04:00:00,12.04,12.14,11.94,12.02,830943
2015-10-07 04:00:00,12.08,12.37,12.02,12.37,927632
2015-10-08 04:00:00,12.35,12.47,12.27,12.32,918000
2015-10-09 04:00:00,12.3,12.37,12.13,12.25,837342
2015-10-12 04:00:00,12.28,12.39,12.18,12.3,311470
2015-10-13 04:00:00,12.29,12.48,12.26,12.35,752538
2015-10-14 04:00:00,12.35,12.45,12.17,12.215,560506
2015-10-15 04:00:00,12.24,12.325,12.05,12.3,577269
2015-10-16 04:00:00,12.28,12.48,12.25,12.39,954362
2015-10-19 04:00:00,12.37,12.565,12.36,12.41,747142
2015-10-20 04:00:00,12.38,12.59,12.36,12.46,672300
2015-10-21 04:00:00,12.48,12.63,12.21,12.21,829347
2015-10-22 04:00:00,12.25,12.36,12.2,12.335,1203341
2015-10-23 04:00:00,12.36,12.36,12.08,12.22,1293178
2015-10-26 04:00:00,12.22,12.25,11.98,12.06,902811
2015-10-27 04:00:00,12.02,12.14,11.78,11.96,1835894
2015-10-28 04:00:00,11.98,12.19,11.82,12.06,1485584
2015-10-29 04:00:00,12.01,12.08,11.84,11.95,778905
2015-10-30 04:00:00,11.97,12.03,11.6,11.63,1007193
2015-11-02 05:00:00,11.63,11.78,11.55,11.75,1568767
2015-11-03 05:00:00,11.7,12.37,11.66,12.35,1987735
2015-11-04 05:00:00,12.38,12.45,12.27,12.41,1292245
2015-11-05 05:00:00,12.42,12.5,12.33,12.45,681463
2015-11-06 05:00:00,12.32,12.38,11.79,11.865,714067
2015-11-09 05:00:00,11.8,11.9,11.2,11.285,1031277
2015-11-10 05:00:00,11.28,11.55,11.21,11.52,975688
2015-11-11 05:00:00,11.56,11.62,11.36,11.365,610085
2015-11-12 05:00:00,11.32,11.36,11.08,11.14,816886
2015-11-13 05:00:00,11.15,11.32,10.74,10.75,923087
2015-11-16 05:00:00,10.76,10.85,10.72,10.81,561917
2015-11-17 05:00:00,10.8,10.85,10.51,10.53,789526
2015-11-18 05:00:00,10.57,10.77,10.51,10.73,830395
2015-11-19 05:00:00,10.75,10.86,10.7,10.79,879915
2015-11-20 05:00:00,10.85,10.92,10.76,10.83,724182
2015-11-23 05:00:00,10.85,10.93,10.5,10.7,1131718
2015-11-24 05:00:00,10.63,10.92,10.56,10.89,1201032
2015-11-25 05:00:00,10.89,10.95,10.81,10.93,445422
2015-11-27 05:00:00,10.89,11.08,10.87,10.97,280630
2015-11-30 05:00:00,10.72,10.8,10.48,10.555,1269733
2015-12-01 05:00:00,10.6,10.78,10.58,10.68,1238418
2015-12-02 05:00:00,10.64,10.69,10.12,10.13,872868
2015-12-03 05:00:00,10.12,10.19,9.98,10.09,1146722
2015-12-04 05:00:00,10.09,10.31,10.05,10.13,956172
2015-12-07 05:00:00,10.07,10.19,7.496,10.05,1539635
2015-12-08 05:00:00,10.0,10.06,9.91,9.92,944946
2015-12-09 05:00:00,9.9,10.35,9.87,10.33,1024424
2015-12-10 05:00:00,10.36,10.59,10.31,10.47,1623665
2015-12-11 05:00:00,10.38,10.5,10.3201,10.46,913309
2015-12-14 05:00:00,10.43,10.5,7.695,9.985,1397161
2015-12-15 05:00:00,10.04,10.72,10.04,10.52,1473693
2015-12-16 05:00:00,10.56,10.755,10.5,10.68,1254571
2015-12-17 05:00:00,10.68,10.78,10.49,10.56,1304864
2015-12-18 05:00:00,10.5,10.71,10.36,10.39,1842501
2015-12-21 05:00:00,10.47,10.53,10.22,10.23,1084501
2015-12-22 05:00:00,10.28,10.56,10.18,10.46,1094164
2015-12-23 05:00:00,10.48,10.7,10.45,10.7,783372
2015-12-24 05:00:00,10.71,10.8,10.59,10.62,311635
2015-12-28 05:00:00,10.59,10.65,10.435,10.63,737427
2015-12-29 05:00:00,10.67,10.92,10.61,10.87,878749
2015-12-30 05:00:00,10.82,10.92,10.58,10.62,407662
2015-12-31 05:00:00,10.64,10.79,10.49,10.6,907707
2016-01-04 05:00:00,10.47,10.52,10.24,10.4,1357999
2016-01-05 05:00:00,10.38,10.85,10.25,10.74,983936
2016-01-06 05:00:00,10.9,10.99,10.76,10.965,1328855
2016-01-07 05:00:00,10.77,11.0,10.74,10.77,1741133
2016-01-08 05:00:00,10.8,10.9,10.06,10.09,1562974
2016-01-11 05:00:00,10.1,10.17,9.85,9.99,1714400
2016-01-12 05:00:00,10.04,10.13,9.845,10.13,991944
2016-01-13 05:00:00,10.15,10.16,9.725,9.88,883799
2016-01-14 05:00:00,9.83,10.03,9.76,9.89,1180203
2016-01-15 05:00:00,9.68,9.75,9.38,9.43,1551580
2016-01-19 05:00:00,9.5,9.71,9.33,9.41,1697206
2016-01-20 05:00:00,9.31,9.33,8.65,9.07,1773370
2016-01-21 05:00:00,9.12,9.4,9.03,9.11,2331222
2016-01-22 05:00:00,9.05,9.38,9.045,9.34,2875188
2016-01-25 05:00:00,9.25,9.46,9.12,9.14,1324339
2016-01-26 05:00:00,9.24,9.47,9.22,9.46,1442479
2016-01-27 05:00:00,9.23,9.31,9.0,9.07,1279613
2016-01-28 05:00:00,9.14,9.19,8.73,8.76,1939004
2016-01-29 05:00:00,8.83,9.16,8.7801,9.08,770800
2016-02-01 05:00:00,9.03,9.17,8.95,9.04,1141719
2016-02-02 05:00:00,8.97,9.15,8.56,8.66,1171633
2016-02-03 05:00:00,8.72,8.762,8.5,8.65,1278879
2016-02-04 05:00:00,8.63,8.79,8.51,8.59,1493581
2016-02-05 05:00:00,8.11,8.63,8.11,8.5,1332219
2016-02-08 05:00:00,8.43,8.5,7.96,7.99,1705642
2016-02-09 05:00:00,7.89,7.99,7.67,7.8,1252228
2016-02-10 05:00:00,7.85,8.0,7.79,7.86,691261
2016-02-11 05:00:00,7.72,7.72,7.41,7.41,1052433
2016-02-12 05:00:00,7.47,7.68,7.47,7.54,937982
2016-02-16 05:00:00,7.64,7.83,7.6,7.79,754020
2016-02-17 05:00:00,7.86,8.015,7.8,7.86,539988
2016-02-18 05:00:00,7.87,7.87,7.69,7.76,789668
2016-02-19 05:00:00,7.71,7.8,7.6,7.64,779863
2016-02-22 05:00:00,7.71,7.95,7.71,7.82,1165214
2016-02-23 05:00:00,7.8,8.2,7.8,8.18,1397772
2016-02-24 05:00:00,8.11,8.5,8.0,8.48,2060244
2016-02-25 05:00:00,8.57,8.895,8.49,8.74,2835099
2016-02-26 05:00:00,8.36,8.8901,8.23,8.545,2667038
2016-02-29 05:00:00,8.54,8.76,8.5,8.65,1484337
2016-03-01 05:00:00,8.69,9.29,8.6701,9.26,1772589
2016-03-02 05:00:00,9.23,9.46,9.16,9.44,1450308
2016-03-03 05:00:00,9.16,9.35,9.1,9.21,868734
2016-03-04 05:00:00,9.21,9.315,9.05,9.165,899942
2016-03-07 05:00:00,9.15,9.36,9.08,9.27,982474
2016-03-08 05:00:00,9.23,9.315,8.9,8.95,531247
2016-03-09 05:00:00,8.97,9.29,8.93,9.17,640272
2016-03-10 05:00:00,9.22,9.255,8.945,9.02,383346
2016-03-11 05:00:00,9.14,9.31,9.14,9.24,736190
2016-03-14 04:00:00,9.21,9.36,9.07,9.12,764822
2016-03-15 04:00:00,9.06,9.11,8.77,8.9,811805
2016-03-16 04:00:00,8.88,9.3525,8.87,9.26,1247115
2016-03-17 04:00:00,9.3,9.43,9.23,9.33,1206494
2016-03-18 04:00:00,9.33,9.44,8.98,9.02,1762572
2016-03-21 04:00:00,9.01,9.18,8.99,9.14,638936
2016-03-22 04:00:00,9.08,9.14,8.94,9.0,530599
2016-03-23 04:00:00,9.04,9.47,8.96,9.23,1600669
2016-03-24 04:00:00,9.19,9.29,9.015,9.24,960082
2016-03-28 04:00:00,9.25,9.33,9.08,9.13,570909
2016-03-29 04:00:00,9.14,9.65,9.0,9.54,810467
2016-03-30 04:00:00,9.63,9.66,9.33,9.42,689360
2016-03-31 04:00:00,9.39,9.585,9.28,9.5,793342
2016-04-01 04:00:00,9.4,9.53,9.231,9.52,592775
2016-04-04 04:00:00,9.52,9.65,9.43,9.57,966686
2016-04-05 04:00:00,9.49,9.66,9.4,9.6,2258452
2016-04-06 04:00:00,9.79,10.25,9.74,9.94,3692101
2016-04-07 04:00:00,9.83,9.96,9.72,9.85,1435438
2016-04-08 04:00:00,9.94,10.07,9.85,9.96,1151434
2016-04-11 04:00:00,10.03,10.15,9.995,10.11,986293
2016-04-12 04:00:00,10.13,10.21,9.935,9.98,801592
2016-04-13 04:00:00,10.07,10.09,9.87,9.96,849506
2016-04-14 04:00:00,9.97,9.99,9.82,9.89,588207
2016-04-15 04:00:00,9.88,10.15,9.845,10.0,878854
2016-04-18 04:00:00,9.96,10.21,9.96,10.14,818428
2016-04-19 04:00:00,10.2,10.235,10.06,10.1,775620
2016-04-20 04:00:00,10.11,10.17,10.01,10.05,500317
2016-04-21 04:00:00,10.05,10.125,9.87,9.91,866018
2016-04-22 04:00:00,9.94,10.14,9.91,10.11,897952
2016-04-25 04:00:00,10.1,10.22,10.01,10.19,952047
2016-04-26 04:00:00,10.22,10.37,10.15,10.29,845885
2016-04-27 04:00:00,10.31,10.48,10.25,10.4,968602
2016-04-28 04:00:00,10.39,10.61,10.36,10.53,1486605
2016-04-29 04:00:00,10.45,10.57,10.345,10.49,923451
2016-05-02 04:00:00,10.5,10.78,10.45,10.74,1864486
2016-05-03 04:00:00,10.72,10.72,10.54,10.6,1789406
2016-05-04 04:00:00,10.49,10.77,10.49,10.67,1790168
2016-05-05 04:00:00,10.64,11.03,10.53,10.99,2209494
2016-05-06 04:00:00,10.99,11.28,10.94,11.25,1743615
2016-05-09 04:00:00,11.23,11.33,11.09,11.185,944768
2016-05-10 04:00:00,11.29,11.35,11.06,11.14,1117544
2016-05-11 04:00:00,11.12,11.15,10.57,10.6,2731849
2016-05-12 04:00:00,10.66,10.73,10.25,10.56,2331668
2016-05-13 04:00:00,10.45,10.47,10.0,10.26,2637897
2016-05-16 04:00:00,10.27,10.46,10.27,10.4,1257488
2016-05-17 04:00:00,10.36,10.44,9.84,9.95,2438225
2016-05-18 04:00:00,9.92,10.09,9.7,9.77,2916944
2016-05-19 04:00:00,9.71,9.75,9.52,9.62,1585494
2016-05-20 04:00:00,9.69,10.02,9.67,9.79,1813972
2016-05-23 04:00:00,9.81,9.87,9.71,9.77,1103806
2016-05-24 04:00:00,9.82,9.95,9.77,9.82,1872272
2016-05-25 04:00:00,9.81,9.91,9.65,9.9,1521532
2016-05-26 04:00:00,9.9,10.1,9.84,10.05,1423019
2016-05-27 04:00:00,10.03,10.135,10.02,10.07,975210
2016-05-31 04:00:00,10.1,10.28,10.0,10.22,1481701
2016-06-01 04:00:00,9.94,10.13,9.88,10.08,1303355
2016-06-02 04:00:00,10.08,10.15,9.98,10.12,1455860
2016-06-03 04:00:00,10.2,10.355,10.165,10.31,1234581
2016-06-06 04:00:00,10.28,10.43,10.22,10.31,1353168
2016-06-07 04:00:00,10.3,10.59,10.28,10.53,971760
2016-06-08 04:00:00,10.53,12.17,10.49,11.39,6354059
2016-06-09 04:00:00,11.46,11.84,11.01,11.41,5259135
2016-06-10 04:00:00,11.29,11.86,11.28,11.63,3212179
2016-06-13 04:00:00,11.59,11.59,10.75,10.84,2733550
2016-06-14 04:00:00,10.88,10.94,10.655,10.79,1953212
2016-06-15 04:00:00,10.8,10.91,10.681,10.8,2163340
2016-06-16 04:00:00,10.75,10.84,10.44,10.67,1881510
2016-06-17 04:00:00,10.62,10.81,10.47,10.66,1920328
2016-06-20 04:00:00,10.72,10.9,10.575,10.59,1886874
2016-06-21 04:00:00,10.85,11.31,10.85,11.16,4303498
2016-06-22 04:00:00,11.17,11.2,10.75,10.9,2891454
2016-06-23 04:00:00,11.01,11.17,10.95,10.99,2888132
2016-06-24 04:00:00,10.76,10.94,10.68,10.69,4976424
2016-06-27 04:00:00,10.65,10.73,10.37,10.72,2931983
2016-06-28 04:00:00,10.75,11.0,10.65,10.89,2973634
2016-06-29 04:00:00,11.01,11.3,10.99,11.08,2067283
2016-06-30 04:00:00,11.1,11.23,10.867,11.19,2172576
2016-07-01 04:00:00,11.2,11.35,11.0,11.295,3944480
2016-07-05 04:00:00,11.2,11.52,10.935,11.49,4608144
2016-07-06 04:00:00,11.47,11.54,11.2,11.47,3883224
2016-07-07 04:00:00,11.35,11.63,11.35,11.57,1824454
2016-07-08 04:00:00,11.65,12.11,11.62,12.1,1667338
2016-07-11 04:00:00,12.1,12.67,12.04,12.6,3541436
2016-07-12 04:00:00,12.61,12.6376,12.065,12.3,2259717
2016-07-13 04:00:00,12.36,12.535,12.28,12.32,1911409
2016-07-14 04:00:00,12.35,12.5,12.3,12.38,1385384
2016-07-15 04:00:00,12.32,12.56,12.21,12.42,1367647
2016-07-18 04:00:00,12.4,12.56,12.2,12.55,1117175
2016-07-19 04:00:00,12.59,12.75,12.49,12.58,1641667
2016-07-20 04:00:00,12.73,12.73,12.44,12.56,1286222
2016-07-21 04:00:00,12.61,12.74,12.52,12.56,1600903
2016-07-22 04:00:00,12.54,12.6619,12.41,12.43,1424752
2016-07-25 04:00:00,12.45,12.59,12.365,12.46,1754377
2016-07-26 04:00:00,12.47,12.5875,12.4,12.41,1278721
2016-07-27 04:00:00,12.4,12.41,12.26,12.36,879032
2016-07-28 04:00:00,12.37,12.52,12.28,12.42,946412
2016-07-29 04:00:00,12.4,12.75,12.38,12.68,2049330
2016-08-01 04:00:00,12.68,12.87,12.5,12.855,930844
2016-08-02 04:00:00,12.81,12.88,12.41,12.53,1187818
2016-08-03 04:00:00,12.45,12.51,12.23,12.5,600432
2016-08-04 04:00:00,12.51,12.83,12.415,12.67,1044310
2016-08-05 04:00:00,12.68,13.16,12.63,13.15,1505748
2016-08-08 04:00:00,13.19,13.66,13.18,13.575,2665011
2016-08-09 04:00:00,13.57,13.75,13.46,13.6,2621288
2016-08-10 04:00:00,13.64,13.7,13.29,13.41,1348858
2016-08-11 04:00:00,13.37,13.43,12.91,12.96,1231466
2016-08-12 04:00:00,12.99,13.16,12.86,12.91,1312059
2016-08-15 04:00:00,12.96,13.215,12.93,13.19,1081073
2016-08-16 04:00:00,13.18,13.1999,12.955,13.11,964563
2016-08-17 04:00:00,13.15,13.175,12.77,13.16,1187931
2016-08-18 04:00:00,13.17,13.345,13.13,13.31,732001
2016-08-19 04:00:00,13.31,13.34,13.12,13.21,1190978
2016-08-22 04:00:00,13.19,13.42,13.1,13.38,986129
2016-08-23 04:00:00,13.5,13.61,13.47,13.59,926368
2016-08-24 04:00:00,13.58,13.675,13.16,13.38,1391837
2016-08-25 04:00:00,13.37,13.8,13.35,13.58,1792559
2016-08-26 04:00:00,13.71,13.85,13.295,13.52,1555301
2016-08-29 04:00:00,13.57,13.81,13.57,13.635,982815
2016-08-30 04:00:00,13.66,13.76,13.45,13.75,878488
2016-08-31 04:00:00,13.82,13.875,13.7,13.75,1033171
2016-09-01 04:00:00,13.78,14.0,13.431,13.78,2301815
2016-09-02 04:00:00,13.87,14.15,13.565,13.85,2033707
2016-09-06 04:00:00,13.89,13.95,13.6,13.91,928308
2016-09-07 04:00:00,13.6,13.76,13.51,13.7,1293025
2016-09-08 04:00:00,13.66,13.715,13.43,13.65,1562913
2016-09-09 04:00:00,13.5,13.51,12.905,12.96,1865368
2016-09-12 04:00:00,12.84,12.91,12.55,12.68,2466688
2016-09-13 04:00:00,12.62,12.64,11.97,12.0,2927696
2016-09-14 04:00:00,11.93,12.11,11.845,11.95,2532821
2016-09-15 04:00:00,11.91,12.13,11.86,12.01,775024
2016-09-16 04:00:00,11.93,11.95,11.54,11.84,3062104
2016-09-19 04:00:00,11.95,12.28,11.88,12.19,1135293
2016-09-20 04:00:00,12.27,12.3,11.96,11.96,1051934
2016-09-21 04:00:00,12.0,12.15,11.71,12.11,1909551
2016-09-22 04:00:00,12.27,12.575,12.27,12.48,1475953
2016-09-23 04:00:00,12.43,12.78,12.425,12.75,1306898
2016-09-26 04:00:00,12.68,12.74,12.48,12.56,1106768
2016-09-27 04:00:00,12.64,12.64,12.34,12.375,1013348
2016-09-28 04:00:00,12.36,12.49,12.25,12.48,616550
2016-09-29 04:00:00,12.42,12.45,12.215,12.28,646970
2016-09-30 04:00:00,12.4,12.49,12.14,12.39,1208822
2016-10-03 04:00:00,12.32,12.37,12.08,12.19,620900
2016-10-04 04:00:00,12.17,12.2,11.71,11.89,1496683
2016-10-05 04:00:00,11.94,12.03,11.82,11.92,1222547
2016-10-06 04:00:00,11.85,11.85,11.44,11.61,2167482
2016-10-07 04:00:00,11.67,11.86,11.41,11.55,899893
2016-10-10 04:00:00,11.63,11.74,11.565,11.59,735322
2016-10-11 04:00:00,11.55,11.64,11.45,11.48,787195
2016-10-12 04:00:00,11.54,11.62,11.425,11.56,753122
2016-10-13 04:00:00,11.53,11.62,11.45,11.55,1538801
2016-10-14 04:00:00,11.55,11.73,11.47,11.59,1490712
2016-10-17 04:00:00,11.63,11.77,11.57,11.58,945212
2016-10-18 04:00:00,11.7,11.76,11.61,11.61,1317553
2016-10-19 04:00:00,11.69,11.86,11.53,11.855,1388208
2016-10-20 04:00:00,11.89,12.16,11.87,12.14,1069532
2016-10-21 04:00:00,11.98,12.175,11.89,11.9,1107710
2016-10-24 04:00:00,12.08,12.08,11.68,11.72,1261969
2016-10-25 04:00:00,11.69,11.785,11.33,11.465,1636327
2016-10-26 04:00:00,11.37,11.42,10.88,11.04,2157428
2016-10-27 04:00:00,11.07,11.07,10.65,10.67,1222829
2016-10-28 04:00:00,10.68,10.79,10.49,10.52,1203591
2016-10-31 04:00:00,10.56,10.63,10.48,10.5,1269229
2016-11-01 04:00:00,10.45,10.63,10.43,10.54,2659483
2016-11-02 04:00:00,10.53,10.53,10.29,10.32,1647672
2016-11-03 04:00:00,10.64,10.64,9.665,9.7,3558730
2016-11-04 04:00:00,9.7,9.75,9.44,9.52,2670672
2016-11-07 05:00:00,9.69,9.9,9.66,9.78,2537754
2016-11-08 05:00:00,9.76,9.85,9.67,9.76,1860931
2016-11-09 05:00:00,9.66,9.94,9.46,9.76,4268516
2016-11-10 05:00:00,9.79,9.95,9.51,9.75,2457419
2016-11-11 05:00:00,9.75,10.31,9.75,10.15,2415784
2016-11-14 05:00:00,10.23,10.54,10.22,10.41,3149651
2016-11-15 05:00:00,10.5,10.59,10.355,10.46,3008652
2016-11-16 05:00:00,10.41,10.52,10.215,10.31,1741631
2016-11-17 05:00:00,10.35,10.44,10.17,10.3,2053193
2016-11-18 05:00:00,10.32,10.35,10.11,10.16,1713849
2016-11-21 05:00:00,10.23,10.405,10.1,10.13,1688545
2016-11-22 05:00:00,10.15,10.36,10.15,10.29,1787672
2016-11-23 05:00:00,10.21,10.285,10.06,10.22,3048205
2016-11-25 05:00:00,10.26,10.3246,10.19,10.26,872326
2016-11-28 05:00:00,10.25,10.41,10.2,10.33,1557031
2016-11-29 05:00:00,10.36,10.58,10.31,10.41,1109975
2016-11-30 05:00:00,10.08,10.1,9.87,10.03,1578096
2016-12-01 05:00:00,9.94,10.17,9.72,9.79,2300227
2016-12-02 05:00:00,9.87,10.15,9.79,10.0,2269495
2016-12-05 05:00:00,10.04,10.12,9.865,9.98,1357161
2016-12-06 05:00:00,10.0,10.17,9.95,10.145,2218590
2016-12-07 05:00:00,10.17,10.4281,10.17,10.36,1747944
2016-12-08 05:00:00,10.31,10.38,10.17,10.22,1770679
2016-12-09 05:00:00,10.23,10.37,10.21,10.31,1467126
2016-12-12 05:00:00,10.28,10.41,10.19,10.27,1225606
2016-12-13 05:00:00,10.34,10.4,10.16,10.31,1452734
2016-12-14 05:00:00,10.32,10.325,9.945,9.96,1049149
2016-12-15 05:00:00,9.93,10.105,9.85,9.9,1374888
2016-12-16 05:00:00,9.99,10.35,9.98,10.26,2812101
2016-12-19 05:00:00,10.35,10.42,10.22,10.42,1169004
2016-12-20 05:00:00,10.39,10.56,10.36,10.49,1054581
2016-12-21 05:00:00,10.47,10.58,10.29,10.3,897781
2016-12-22 05:00:00,10.27,10.32,10.06,10.2,854319
2016-12-23 05:00:00,10.25,10.25,10.04,10.17,644908
2016-12-27 05:00:00,10.18,10.29,10.16,10.24,636948
2016-12-28 05:00:00,10.22,10.22,10.0,10.08,793490
2016-12-29 05:00:00,10.07,10.31,10.03,10.3,1056903
2016-12-30 05:00:00,10.3,10.505,10.21,10.42,1157044
2017-01-03 05:00:00,10.52,10.52,10.35,10.5,836008
2017-01-04 05:00:00,10.56,10.97,10.56,10.92,1237518
2017-01-05 05:00:00,10.91,10.95,10.59,10.8,985026
2017-01-06 05:00:00,10.77,10.875,10.65,10.7,584346
2017-01-09 05:00:00,10.74,10.78,10.591,10.61,750891
2017-01-10 05:00:00,10.6,10.6,10.44,10.53,736034
2017-01-11 05:00:00,10.52,10.57,10.36,10.37,1126631
2017-01-12 05:00:00,10.38,10.38,10.09,10.21,1249987
2017-01-13 05:00:00,10.23,10.4,10.01,10.05,1448778
2017-01-17 05:00:00,10.1,10.29,10.03,10.13,1399099
2017-01-18 05:00:00,10.1,10.2,10.02,10.07,1073422
2017-01-19 05:00:00,10.04,10.09,9.8,9.83,1746233
2017-01-20 05:00:00,9.79,9.88,9.72,9.79,1696143
2017-01-23 05:00:00,9.82,9.86,9.71,9.78,2277865
2017-01-24 05:00:00,9.78,9.86,9.59,9.75,2699874
2017-01-25 05:00:00,9.79,9.93,9.66,9.87,1401825
2017-01-26 05:00:00,9.87,9.9599,9.59,9.74,1376773
2017-01-27 05:00:00,9.78,9.81,9.41,9.45,1562966
2017-01-30 05:00:00,9.4,9.48,9.22,9.32,1268779
2017-01-31 05:00:00,9.33,9.72,9.3,9.65,1432203
2017-02-01 05:00:00,9.65,9.84,9.53,9.6,1263041
2017-02-02 05:00:00,9.65,9.69,9.51,9.56,1214758
2017-02-03 05:00:00,9.65,9.85,9.61,9.64,1040222
2017-02-06 05:00:00,9.7,9.71,9.54,9.62,679413
2017-02-07 05:00:00,9.78,9.78,9.42,9.45,1040549
2017-02-08 05:00:00,9.44,9.58,9.29,9.55,2132209
2017-02-09 05:00:00,9.53,9.6,9.35,9.51,1788649
2017-02-10 05:00:00,9.55,9.81,9.55,9.72,1558176
2017-02-13 05:00:00,9.72,9.79,9.56,9.6699,906821
2017-02-14 05:00:00,9.65,9.68,9.52,9.6,1222974
2017-02-15 05:00:00,9.5,9.59,9.235,9.38,1969168
2017-02-16 05:00:00,9.36,9.58,9.34,9.4,1563239
2017-02-17 05:00:00,9.46,9.4822,9.31,9.395,1443543
2017-02-21 05:00:00,9.42,9.61,9.34,9.58,683021
2017-02-22 05:00:00,9.54,9.6,9.37,9.46,965826
2017-02-23 05:00:00,9.58,9.58,9.23,9.39,1792019
2017-02-24 05:00:00,9.32,9.35,9.01,9.27,2288993
2017-02-27 05:00:00,9.26,9.36,9.17,9.29,1177913
2017-02-28 05:00:00,9.28,9.41,9.18,9.27,1333636
2017-03-01 05:00:00,9.29,9.4,9.28,9.3,1148711
2017-03-02 05:00:00,9.28,9.4,9.22,9.38,1215510
2017-03-03 05:00:00,9.41,9.42,9.11,9.27,2170000
2017-03-06 05:00:00,8.98,9.0,8.65,8.76,4371659
2017-03-07 05:00:00,8.77,8.82,8.6,8.62,1935379
2017-03-08 05:00:00,8.6,8.61,8.16,8.32,5589119
2017-03-09 05:00:00,8.31,8.39,8.04,8.08,2439874
2017-03-10 05:00:00,8.2,8.2166,7.895,8.03,1840415
2017-03-13 04:00:00,8.07,8.15,8.02,8.09,1286199
2017-03-14 04:00:00,8.14,8.205,8.07,8.16,1571097
2017-03-15 04:00:00,8.17,8.63,8.17,8.54,3279992
2017-03-16 04:00:00,8.53,8.66,8.49,8.52,2664934
2017-03-17 04:00:00,8.47,8.49,8.28,8.38,2783948
2017-03-20 04:00:00,8.38,8.46,8.31,8.32,1500918
2017-03-21 04:00:00,8.17,8.34,8.11,8.285,2478860
2017-03-22 04:00:00,8.26,8.26,7.92,8.01,4488397
2017-03-23 04:00:00,8.0,8.23,7.96,8.05,2481366
2017-03-24 04:00:00,8.05,8.27,8.04,8.16,2043808
2017-03-27 04:00:00,8.16,8.23,8.085,8.15,1972375
2017-03-28 04:00:00,8.15,8.26,8.01,8.21,2621804
2017-03-29 04:00:00,8.21,8.46,8.17,8.42,2327944
2017-03-30 04:00:00,8.49,8.54,8.35,8.5,1773267
2017-03-31 04:00:00,8.57,8.79,8.53,8.68,2766403
2017-04-03 04:00:00,8.68,8.81,8.63,8.685,1499620
2017-04-04 04:00:00,8.71,8.89,8.71,8.79,2301464
2017-04-05 04:00:00,8.97,9.0,8.62,8.62,2889930
2017-04-06 04:00:00,8.78,8.82,8.61,8.74,3238517
2017-04-07 04:00:00,8.74,8.76,8.62,8.64,1466529
2017-04-10 04:00:00,8.64,8.7616,8.57,8.755,2753191
2017-04-11 04:00:00,8.75,8.97,8.71,8.93,2831126
2017-04-12 04:00:00,8.96,9.17,8.9409,9.1,3096624
2017-04-13 04:00:00,9.1,9.16,9.03,9.14,2474872
2017-04-17 04:00:00,9.19,9.34,9.17,9.33,2674767
2017-04-18 04:00:00,9.35,9.4,9.26,9.34,1763380
2017-04-19 04:00:00,9.4,9.49,9.27,9.34,1858364
2017-04-20 04:00:00,9.34,9.39,9.25,9.32,1621619
2017-04-21 04:00:00,9.34,9.35,9.15,9.25,1835369
2017-04-24 04:00:00,9.33,9.35,8.955,9.075,1991565
2017-04-25 04:00:00,9.0,9.11,8.95,9.02,1646892
2017-04-26 04:00:00,9.0,9.09,8.91,8.92,2487200
2017-04-27 04:00:00,9.25,9.42,8.93,8.935,3109323
2017-04-28 04:00:00,8.94,8.97,8.75,8.795,2761729
2017-05-01 04:00:00,8.83,9.14,8.76,9.12,3181979
2017-05-02 04:00:00,9.15,9.16,8.985,9.11,1310594
2017-05-03 04:00:00,9.09,9.1362,8.62,8.71,3308561
2017-05-04 04:00:00,8.69,8.69,8.16,8.23,6312042
2017-05-05 04:00:00,8.26,8.34,8.15,8.23,2219576
2017-05-08 04:00:00,8.27,8.3,8.1207,8.21,2614731
2017-05-09 04:00:00,8.31,8.34,8.16,8.28,1930527
2017-05-10 04:00:00,8.28,8.48,8.21,8.36,2686599
2017-05-11 04:00:00,8.33,8.34,8.155,8.24,4061333
2017-05-12 04:00:00,8.23,8.26,7.81,7.835,3500836
2017-05-15 04:00:00,7.9,8.12,7.84,7.88,4233532
2017-05-16 04:00:00,7.88,8.0,7.5,7.56,7310476
2017-05-17 04:00:00,7.53,7.6,7.31,7.48,4854226
2017-05-18 04:00:00,7.4,7.585,7.33,7.5,3361639
2017-05-19 04:00:00,7.52,7.92,7.52,7.8,2539778
2017-05-22 04:00:00,7.85,8.1,7.8,7.81,2475428
2017-05-23 04:00:00,7.87,7.93,7.815,7.895,1852063
2017-05-24 04:00:00,7.92,8.21,7.9,8.13,2547389
2017-05-25 04:00:00,8.15,8.33,8.11,8.15,2154223
2017-05-26 04:00:00,8.14,8.17,7.94,8.0,2617888
2017-05-30 04:00:00,7.82,7.87,7.44,7.45,2958917
2017-05-31 04:00:00,7.46,7.65,7.41,7.62,3097487
2017-06-01 04:00:00,7.62,7.92,7.62,7.9,2306648
2017-06-02 04:00:00,7.96,7.995,7.8,7.83,1968103
2017-06-05 04:00:00,7.82,7.92,7.6846,7.77,1666314
2017-06-06 04:00:00,7.76,7.84,7.61,7.78,2453592
2017-06-07 04:00:00,7.78,8.1,7.77,8.06,3076437
2017-06-08 04:00:00,8.08,8.18,7.91,7.96,1358344
2017-06-09 04:00:00,7.95,8.205,7.825,8.11,2822828
2017-06-12 04:00:00,8.07,8.475,8.07,8.42,3214502
2017-06-13 04:00:00,8.41,8.56,8.2,8.3,2428380
2017-06-14 04:00:00,8.35,8.37,8.08,8.23,1608408
2017-06-15 04:00:00,8.19,8.415,8.17,8.24,1339461
2017-06-16 04:00:00,8.18,8.2,7.89,8.14,2242214
2017-06-19 04:00:00,8.16,8.21,7.96,8.035,2160987
2017-06-20 04:00:00,8.0,8.05,7.82,7.885,2208977
2017-06-21 04:00:00,7.93,7.996,7.68,7.7,1954930
2017-06-22 04:00:00,7.72,7.84,7.635,7.83,2127303
2017-06-23 04:00:00,7.83,8.155,7.79,8.1,2213770
2017-06-26 04:00:00,8.14,8.36,8.045,8.35,2450854
2017-06-27 04:00:00,8.28,8.485,8.2,8.44,2400930
2017-06-28 04:00:00,8.45,8.58,8.37,8.395,1386924
2017-06-29 04:00:00,8.34,8.55,8.32,8.425,1300977
2017-06-30 04:00:00,8.47,8.53,8.29,8.365,1552189
2017-07-03 04:00:00,8.44,8.71,8.44,8.68,1446490
2017-07-05 04:00:00,8.61,8.67,8.415,8.455,2569623
2017-07-06 04:00:00,8.38,8.5,8.32,8.38,1836441
2017-07-07 04:00:00,8.4,8.45,8.26,8.4,1677866
2017-07-10 04:00:00,8.37,8.4,8.25,8.27,2123394
2017-07-11 04:00:00,8.27,8.33,8.1,8.26,1751970
2017-07-12 04:00:00,8.34,8.46,8.2874,8.35,3029798
2017-07-13 04:00:00,8.33,8.58,8.31,8.54,1785390
2017-07-14 04:00:00,8.58,8.84,8.58,8.83,1481014
2017-07-17 04:00:00,8.8,9.02,8.78,8.895,1597463
2017-07-18 04:00:00,8.88,8.95,8.79,8.88,1505562
2017-07-19 04:00:00,8.89,9.1,8.84,9.04,1631770
2017-07-20 04:00:00,9.05,9.22,9.0,9.16,1479665
2017-07-21 04:00:00,9.22,9.25,8.96,9.12,1417568
2017-07-24 04:00:00,9.13,9.16,8.97,9.08,1466413
2017-07-25 04:00:00,9.08,9.23,9.06,9.145,1666680
2017-07-26 04:00:00,9.16,9.2,9.06,9.11,1803063
2017-07-27 04:00:00,8.95,9.79,8.9,9.57,4898097
2017-07-28 04:00:00,9.6,9.7,8.935,9.05,4578594
2017-07-31 04:00:00,9.07,9.19,8.76,9.01,2064137
2017-08-01 04:00:00,9.07,9.15,8.92,9.15,1965599
2017-08-02 04:00:00,9.07,9.1,8.66,8.67,2273448
2017-08-03 04:00:00,8.66,8.87,8.46,8.5,1709646
2017-08-04 04:00:00,8.5,9.19,8.485,9.1,3365883
2017-08-07 04:00:00,9.12,9.31,9.06,9.29,1512377
2017-08-08 04:00:00,9.26,9.415,9.11,9.14,1867621
2017-08-09 04:00:00,9.15,9.25,9.0001,9.13,1366202
2017-08-10 04:00:00,9.08,9.1,8.73,8.73,1906167
2017-08-11 04:00:00,8.51,8.6453,8.305,8.61,5072638
2017-08-14 04:00:00,8.64,9.0,8.6,8.9,2751772
2017-08-15 04:00:00,8.8,8.83,8.515,8.7,2909671
2017-08-16 04:00:00,8.75,8.82,8.62,8.64,1684360
2017-08-17 04:00:00,8.65,8.78,8.46,8.465,1653691
2017-08-18 04:00:00,8.45,8.45,8.275,8.35,2428238
2017-08-21 04:00:00,8.35,8.485,8.31,8.41,1393991
2017-08-22 04:00:00,8.44,8.585,8.38,8.41,1213910
2017-08-23 04:00:00,8.34,8.56,8.28,8.48,1502068
2017-08-24 04:00:00,8.54,8.85,8.5,8.52,1826294
2017-08-25 04:00:00,8.63,8.81,8.485,8.71,1638951
2017-08-28 04:00:00,8.73,8.865,8.6,8.64,1356676
2017-08-29 04:00:00,8.58,8.63,8.46,8.53,2015480
2017-08-30 04:00:00,8.27,8.43,8.13,8.415,2061710
2017-08-31 04:00:00,8.49,8.585,8.33,8.33,2295388
2017-09-01 04:00:00,8.39,8.56,8.38,8.46,1210309
2017-09-05 04:00:00,8.45,8.59,8.27,8.32,1972935
2017-09-06 04:00:00,8.35,8.6,8.32,8.39,1855011
2017-09-07 04:00:00,8.41,8.51,8.265,8.305,1988624
2017-09-08 04:00:00,8.31,8.48,8.295,8.35,1452527
2017-09-11 04:00:00,8.4,8.52,8.4,8.41,1080497
2017-09-12 04:00:00,8.42,8.58,8.38,8.4,1719098
2017-09-13 04:00:00,8.45,8.5,8.385,8.45,2178739
2017-09-14 04:00:00,8.45,8.5599,8.4,8.485,1612680
2017-09-15 04:00:00,8.53,8.55,8.32,8.48,2324223
2017-09-18 04:00:00,8.49,8.55,8.38,8.39,1646546
2017-09-19 04:00:00,8.39,8.417,8.04,8.11,2866808
2017-09-20 04:00:00,8.11,8.15,8.0,8.04,2858388
2017-09-21 04:00:00,8.03,8.2,8.015,8.03,1428793
2017-09-22 04:00:00,8.05,8.2,8.045,8.11,1068183
2017-09-25 04:00:00,8.18,8.47,8.13,8.35,2057817
2017-09-26 04:00:00,8.37,8.6,8.36,8.535,2468853
2017-09-27 04:00:00,8.54,8.55,8.265,8.52,1573113
2017-09-28 04:00:00,8.52,8.545,8.32,8.48,1274680
2017-09-29 04:00:00,8.5,8.5,8.29,8.34,1228702
2017-10-02 04:00:00,8.34,8.44,8.24,8.34,1220472
2017-10-03 04:00:00,8.37,8.41,8.28,8.35,1124606
2017-10-04 04:00:00,8.39,8.43,8.23,8.31,2009588
2017-10-05 04:00:00,8.32,8.51,8.26,8.41,2246010
2017-10-06 04:00:00,8.37,8.39,8.2,8.27,1383717
2017-10-09 04:00:00,8.33,8.5,8.32,8.44,1647657
2017-10-10 04:00:00,8.46,8.6,8.41,8.46,1642629
2017-10-11 04:00:00,8.47,8.81,8.47,8.81,3841301
2017-10-12 04:00:00,8.8,8.83,8.65,8.695,2975063
2017-10-13 04:00:00,8.72,8.8,8.645,8.67,1968140
2017-10-16 04:00:00,8.7,8.75,8.53,8.565,1101962
2017-10-17 04:00:00,8.6,8.65,8.53,8.65,1236369
2017-10-18 04:00:00,8.66,8.87,8.57,8.57,1430850
2017-10-19 04:00:00,8.59,8.7,8.51,8.56,1137452
2017-10-20 04:00:00,8.6,8.63,8.42,8.465,1150649
2017-10-23 04:00:00,8.45,8.61,8.44,8.49,1219589
2017-10-24 04:00:00,8.53,8.61,8.36,8.43,2449415
2017-10-25 04:00:00,8.42,8.425,8.12,8.22,2964355
2017-10-26 04:00:00,8.22,8.25,7.84,7.98,5222659
2017-10-27 04:00:00,7.98,8.05,7.69,7.86,4069796
2017-10-30 04:00:00,7.9,7.92,7.78,7.83,2788138
2017-10-31 04:00:00,7.86,7.88,7.63,7.83,2521903
2017-11-01 04:00:00,7.85,7.98,7.7,7.73,2194486
2017-11-02 04:00:00,7.7,7.94,7.63,7.885,2659080
2017-11-03 04:00:00,7.54,7.55,6.93,7.0105,10579428
2017-11-06 05:00:00,7.03,7.265,6.85,6.88,5040861
2017-11-07 05:00:00,6.91,7.06,6.71,7.04,4989219
2017-11-08 05:00:00,7.02,7.13,6.8,6.91,2835103
2017-11-09 05:00:00,6.93,7.36,6.8869,7.25,4346084
2017-11-10 05:00:00,7.15,7.5,7.082,7.355,2580274
2017-11-13 05:00:00,7.5,7.53,7.07,7.21,2592539
2017-11-14 05:00:00,7.2,7.21,6.94,7.07,2216185
2017-11-15 05:00:00,7.02,7.22,6.9901,7.2,1667254
2017-11-16 05:00:00,7.2,7.36,7.2,7.3,1554003
2017-11-17 05:00:00,7.31,7.5,7.31,7.34,1763929
2017-11-20 05:00:00,7.35,7.35,7.19,7.28,1690407
2017-11-21 05:00:00,7.29,7.3,7.19,7.24,1768912
2017-11-22 05:00:00,7.24,7.37,7.23,7.29,1372649
2017-11-24 05:00:00,7.35,7.46,7.16,7.21,735664
2017-11-27 05:00:00,7.2,7.26,7.0,7.1,2228409
2017-11-28 05:00:00,7.1,7.16,6.99,7.15,1642763
2017-11-29 05:00:00,7.16,7.355,7.16,7.31,4221807
2017-11-30 05:00:00,7.07,7.2,7.021,7.12,2943539
2017-12-01 05:00:00,7.14,7.16,6.855,6.97,2789469
2017-12-04 05:00:00,7.02,7.15,7.0,7.07,2426276
2017-12-05 05:00:00,7.06,7.13,6.86,6.9,2200916
2017-12-06 05:00:00,6.92,6.93,6.62,6.78,2724843
2017-12-07 05:00:00,6.75,6.84,6.64,6.72,1513792
2017-12-08 05:00:00,6.77,7.02,6.64,7.01,2168013
2017-12-11 05:00:00,7.0,7.17,6.83,6.83,1961070
2017-12-12 05:00:00,6.85,6.94,6.735,6.855,2326309
2017-12-13 05:00:00,6.86,7.05,6.855,7.02,2354933
2017-12-14 05:00:00,7.05,7.19,6.93,6.93,3329211
2017-12-15 05:00:00,6.97,7.13,6.97,7.01,3300385
2017-12-18 05:00:00,7.05,7.17,7.04,7.09,2568431
2017-12-19 05:00:00,7.1,7.17,6.82,6.83,2311442
2017-12-20 05:00:00,6.83,6.995,6.82,6.83,1867901
2017-12-21 05:00:00,6.88,6.88,6.71,6.86,3140177
2017-12-22 05:00:00,6.87,7.06,6.76,7.03,1888816
2017-12-26 05:00:00,7.02,7.24,6.96,7.19,2233180
2017-12-27 05:00:00,7.22,7.35,7.15,7.16,2232786
2017-12-28 05:00:00,7.16,7.22,7.01,7.17,1758647
2017-12-29 05:00:00,7.18,7.22,7.095,7.12,1220561
2018-01-02 05:00:00,7.16,7.36,7.13,7.31,2338905
2018-01-03 05:00:00,7.31,7.33,7.135,7.19,2028947
2018-01-04 05:00:00,7.21,7.25,7.02,7.05,2390879
2018-01-05 05:00:00,7.06,7.12,6.96,7.08,1660664
2018-01-08 05:00:00,7.1,7.1194,6.89,7.0,1202802
2018-01-09 05:00:00,7.0,7.03,6.76,6.765,1942903
2018-01-10 05:00:00,6.75,7.02,6.64,6.9,7881746
2018-01-11 05:00:00,6.92,7.08,6.8501,7.07,2002832
2018-01-12 05:00:00,7.05,7.18,7.03,7.105,3340098
2018-01-16 05:00:00,7.16,7.229,6.89,6.9,2109433
2018-01-17 05:00:00,6.95,7.0,6.88,6.92,2758194
2018-01-18 05:00:00,6.93,6.95,6.8,6.82,1694309
2018-01-19 05:00:00,6.84,6.9,6.76,6.9,1515778
2018-01-22 05:00:00,6.86,6.99,6.82,6.965,1410666
2018-01-23 05:00:00,6.99,7.07,6.93,6.96,1444217
2018-01-24 05:00:00,6.95,7.03,6.71,6.75,2902516
2018-01-25 05:00:00,6.77,6.81,6.66,6.74,1598057
2018-01-26 05:00:00,6.78,6.83,6.71,6.77,976198
2018-01-29 05:00:00,6.79,6.85,6.67,6.74,1294316
2018-01-30 05:00:00,6.73,6.81,6.57,6.58,1712719
2018-01-31 05:00:00,6.63,6.66,6.51,6.58,1728786
2018-02-01 05:00:00,6.57,6.605,6.36,6.38,1712333
2018-02-02 05:00:00,6.35,6.35,6.15,6.21,2205037
2018-02-05 05:00:00,6.18,6.385,5.98,5.995,2668593
2018-02-06 05:00:00,5.87,6.3,5.83,6.185,3133641
2018-02-07 05:00:00,6.19,6.39,6.13,6.15,1934945
2018-02-08 05:00:00,6.16,6.17,5.94,5.945,2081881
2018-02-09 05:00:00,5.89,5.965,5.4,5.63,5258570
2018-02-12 05:00:00,5.59,5.71,5.4,5.68,3535319
2018-02-13 05:00:00,5.67,5.79,5.56,5.64,2165770
2018-02-14 05:00:00,5.57,5.785,5.44,5.71,3174990
2018-02-15 05:00:00,5.76,6.015,5.76,5.985,3029451
2018-02-16 05:00:00,5.99,6.23,5.99,6.18,3299081
2018-02-20 05:00:00,6.17,6.27,6.08,6.105,2079834
2018-02-21 05:00:00,6.11,6.17,6.0,6.03,2554916
2018-02-22 05:00:00,6.19,6.36,6.07,6.32,3234248
2018-02-23 05:00:00,6.38,6.86,6.37,6.82,4647423
2018-02-26 05:00:00,6.81,6.96,6.74,6.87,2831570
2018-02-27 05:00:00,6.91,6.9886,6.5,6.515,3140066
2018-02-28 05:00:00,6.55,6.665,6.485,6.54,2339090
2018-03-01 05:00:00,6.55,6.71,6.445,6.665,2330274
2018-03-02 05:00:00,6.37,6.54,6.14,6.52,2731987
2018-03-05 05:00:00,6.56,6.7,6.505,6.635,2016514
2018-03-06 05:00:00,6.65,6.69,6.5089,6.665,1738471
2018-03-07 05:00:00,6.64,6.73,6.6,6.65,1024238
2018-03-08 05:00:00,6.67,6.7,6.53,6.56,1238929
2018-03-09 05:00:00,6.51,6.54,6.32,6.42,1866026
2018-03-12 04:00:00,6.42,6.525,6.38,6.45,1551084
2018-03-13 04:00:00,6.5,6.51,6.42,6.48,1370210
2018-03-14 04:00:00,6.48,6.48,6.165,6.19,2640962
2018-03-15 04:00:00,6.2,6.235,5.95,5.99,3659149
2018-03-16 04:00:00,5.98,6.18,5.9,6.07,3588526
2018-03-19 04:00:00,6.1,6.22,6.03,6.19,3101084
2018-03-20 04:00:00,6.22,6.325,6.065,6.085,2357512
2018-03-21 04:00:00,6.17,6.33,6.12,6.22,3231263
2018-03-22 04:00:00,6.21,6.535,6.15,6.44,3369095
2018-03-23 04:00:00,6.46,6.5,6.27,6.285,2435269
2018-03-26 04:00:00,6.33,6.34,6.155,6.32,2222144
2018-03-27 04:00:00,6.28,6.32,6.14,6.19,2946898
2018-03-28 04:00:00,6.25,6.61,6.22,6.6,2354382
2018-03-29 04:00:00,6.6,6.74,6.6,6.675,3667970
2018-04-02 04:00:00,6.71,6.765,6.51,6.59,2810306
2018-04-03 04:00:00,6.57,6.765,6.55,6.71,2388240
2018-04-04 04:00:00,6.64,6.82,6.64,6.71,2977070
2018-04-05 04:00:00,6.7,6.94,6.69,6.94,2557573
2018-04-06 04:00:00,6.91,6.98,6.75,6.8,2587232
2018-04-09 04:00:00,6.87,6.9,6.71,6.805,1753930
2018-04-10 04:00:00,6.87,7.02,6.82,6.935,2118495
2018-04-11 04:00:00,6.94,7.1,6.935,6.99,2002151
2018-04-12 04:00:00,7.0,7.0,6.74,6.87,2180204
2018-04-13 04:00:00,6.87,6.89,6.6501,6.695,2878666
2018-04-16 04:00:00,6.72,6.7768,6.6,6.64,2685335
2018-04-17 04:00:00,6.65,6.84,6.635,6.75,1583995
2018-04-18 04:00:00,6.77,6.84,6.65,6.66,1559361
2018-04-19 04:00:00,6.62,6.65,6.25,6.32,4020111
2018-04-20 04:00:00,6.34,6.38,5.97,5.98,3463487
2018-04-23 04:00:00,6.01,6.15,5.81,5.915,3456695
2018-04-24 04:00:00,5.95,6.04,5.875,5.95,2614417
2018-04-25 04:00:00,5.94,6.03,5.91,5.95,1541149
2018-04-26 04:00:00,6.1,6.48,5.96,6.405,4329540
2018-04-27 04:00:00,6.41,6.985,6.41,6.84,5294919
2018-04-30 04:00:00,6.85,6.93,6.47,6.48,7368308
2018-05-01 04:00:00,6.51,6.77,6.47,6.73,3123992
2018-05-02 04:00:00,6.68,6.7,6.37,6.4865,4882234
2018-05-03 04:00:00,6.47,6.64,6.47,6.6,2118563
2018-05-04 04:00:00,6.59,6.985,6.59,6.875,2831971
2018-05-07 04:00:00,6.92,7.13,6.89,6.96,3174787
2018-05-08 04:00:00,6.97,7.03,6.81,6.87,1713703
2018-05-09 04:00:00,6.86,7.02,6.81,6.975,1498922
2018-05-10 04:00:00,7.02,7.15,7.01,7.04,1524178
2018-05-11 04:00:00,7.08,7.16,7.04,7.08,1311400
2018-05-14 04:00:00,7.09,7.105,6.94,6.955,1007321
2018-05-15 04:00:00,6.9,6.92,6.74,6.775,2084078
2018-05-16 04:00:00,6.81,6.89,6.71,6.76,1851330
2018-05-17 04:00:00,6.77,6.9,6.76,6.785,1195346
2018-05-18 04:00:00,6.85,7.155,6.84,7.05,4648301
2018-05-21 04:00:00,7.11,7.15,6.905,7.15,2967559
2018-05-22 04:00:00,7.15,7.42,7.11,7.35,3147373
2018-05-23 04:00:00,7.36,7.56,7.34,7.53,2352098
2018-05-24 04:00:00,7.52,7.62,7.43,7.455,2641944
2018-05-25 04:00:00,7.48,7.6,7.465,7.525,2244407
2018-05-29 04:00:00,7.52,7.58,7.431,7.505,3282604
2018-05-30 04:00:00,7.55,7.7,7.445,7.665,6677105
2018-05-31 04:00:00,7.38,7.44,7.25,7.28,2637270
2018-06-01 04:00:00,7.26,7.52,7.23,7.34,2239228
2018-06-04 04:00:00,7.38,7.45,7.23,7.445,1897056
2018-06-05 04:00:00,7.45,7.62,7.43,7.53,2487601
2018-06-06 04:00:00,7.52,7.7,7.49,7.69,2122199
2018-06-07 04:00:00,7.69,7.79,7.615,7.68,1489606
2018-06-08 04:00:00,7.68,7.795,7.65,7.765,1761585
2018-06-11 04:00:00,7.78,7.96,7.78,7.955,1663058
2018-06-12 04:00:00,7.96,8.3,7.895,8.06,5293791
2018-06-13 04:00:00,8.06,8.13,7.785,7.79,3275675
2018-06-14 04:00:00,7.85,7.895,7.67,7.81,2129227
2018-06-15 04:00:00,7.89,7.98,7.85,7.89,2120265
2018-06-18 04:00:00,7.89,8.08,7.86,7.96,1721351
2018-06-19 04:00:00,7.95,8.05,7.81,7.845,2179723
2018-06-20 04:00:00,7.88,8.12,7.88,8.08,1596824
2018-06-21 04:00:00,8.1,8.23,8.08,8.21,1472801
2018-06-22 04:00:00,8.25,8.31,8.18,8.27,2055910
2018-06-25 04:00:00,8.28,8.33,8.01,8.14,3088986
2018-06-26 04:00:00,8.17,8.19,8.005,8.13,1909021
2018-06-27 04:00:00,8.15,8.22,8.04,8.13,1860893
2018-06-28 04:00:00,8.12,8.17,7.94,8.13,2316780
2018-06-29 04:00:00,8.14,8.21,8.015,8.11,1302877
2018-07-02 04:00:00,8.1,8.16,7.93,8.09,1323372
2018-07-03 04:00:00,8.1,8.25,8.03,8.16,1542365
2018-07-05 04:00:00,8.21,8.32,8.12,8.32,930841
2018-07-06 04:00:00,8.34,8.4365,8.28,8.33,1243613
2018-07-09 04:00:00,8.37,8.405,8.23,8.245,2067352
2018-07-10 04:00:00,8.28,8.36,8.085,8.13,1889651
2018-07-11 04:00:00,8.12,8.26,8.075,8.095,1655763
2018-07-12 04:00:00,8.1,8.16,7.99,8.055,1031400
2018-07-13 04:00:00,8.03,8.12,7.92,7.92,2654542
2018-07-16 04:00:00,7.91,7.96,7.59,7.68,2713572
2018-07-17 04:00:00,7.7,7.85,7.63,7.65,1439852
2018-07-18 04:00:00,7.64,7.74,7.53,7.585,1684285
2018-07-19 04:00:00,7.58,7.76,7.515,7.725,1404164
2018-07-20 04:00:00,7.74,7.8,7.65,7.69,1163808
2018-07-23 04:00:00,7.69,7.75,7.61,7.65,1294017
2018-07-24 04:00:00,7.69,7.7299,7.565,7.575,2030443
2018-07-25 04:00:00,7.55,7.7,7.52,7.68,1272107
2018-07-26 04:00:00,7.98,8.07,7.7,7.92,2934946
2018-07-27 04:00:00,7.93,7.98,7.58,7.58,1931640
2018-07-30 04:00:00,7.59,7.82,7.57,7.76,1429879
2018-07-31 04:00:00,7.78,8.05,7.735,8.03,2867284
2018-08-01 04:00:00,7.98,8.02,7.82,7.94,1785060
2018-08-02 04:00:00,7.97,8.05,7.75,7.76,1540631
2018-08-03 04:00:00,7.79,7.945,7.77,7.84,1571613
2018-08-06 04:00:00,7.88,7.945,7.73,7.75,1913057
2018-08-07 04:00:00,7.75,7.77,7.37,7.38,4286027
2018-08-08 04:00:00,7.39,7.42,7.27,7.31,1965328
2018-08-09 04:00:00,7.32,7.4438,7.32,7.38,1468027
2018-08-10 04:00:00,7.37,7.46,7.33,7.34,892834
2018-08-13 04:00:00,7.43,7.47,7.32,7.34,1064464
2018-08-14 04:00:00,7.39,7.67,7.39,7.65,1526590
2018-08-15 04:00:00,7.64,7.725,7.57,7.67,1336809
2018-08-16 04:00:00,7.65,7.7,7.55,7.63,3398963
2018-08-17 04:00:00,7.65,7.84,7.64,7.83,1455562
2018-08-20 04:00:00,7.86,7.975,7.83,7.845,1306096
2018-08-21 04:00:00,7.85,7.93,7.82,7.92,1444207
2018-08-22 04:00:00,7.95,7.96,7.72,7.85,1792925
2018-08-23 04:00:00,7.85,7.8849,7.73,7.78,958073
2018-08-24 04:00:00,7.8,7.87,7.76,7.855,839616
2018-08-27 04:00:00,7.87,8.04,7.87,7.92,2107878
2018-08-28 04:00:00,7.97,8.09,7.88,8.08,1898827
2018-08-29 04:00:00,8.1,8.12,7.91,7.92,3048301
2018-08-30 04:00:00,7.96,7.98,7.77,7.85,1577155
2018-08-31 04:00:00,7.58,7.74,7.52,7.74,1221190
2018-09-04 04:00:00,7.73,7.74,7.48,7.49,1817768
2018-09-05 04:00:00,7.48,7.68,7.4,7.64,1238793
2018-09-06 04:00:00,7.67,7.71,7.51,7.57,1428355
2018-09-07 04:00:00,7.53,7.6,7.51,7.58,850183
2018-09-10 04:00:00,7.6,7.64,7.5,7.53,812359
2018-09-11 04:00:00,7.5,7.51,7.3,7.48,1071304
2018-09-12 04:00:00,7.48,7.54,7.4,7.51,1179531
2018-09-13 04:00:00,7.56,7.56,7.38,7.495,1522367
2018-09-14 04:00:00,7.46,7.46,7.28,7.38,1484221
2018-09-17 04:00:00,7.4,7.52,7.375,7.45,1084956
2018-09-18 04:00:00,7.47,7.515,7.34,7.435,1179043
2018-09-19 04:00:00,7.44,7.45,7.07,7.08,2716411
2018-09-20 04:00:00,7.11,7.29,7.03,7.29,1735232
2018-09-21 04:00:00,7.34,7.46,7.32,7.4,1503510
2018-09-24 04:00:00,7.4,7.44,7.15,7.195,1279543
2018-09-25 04:00:00,7.22,7.36,7.2,7.33,1026052
2018-09-26 04:00:00,7.35,7.41,7.27,7.325,1074903
2018-09-27 04:00:00,7.36,7.46,7.3,7.35,864575
2018-09-28 04:00:00,7.37,7.41,7.24,7.3,1357475
2018-10-01 04:00:00,7.33,7.3696,6.945,6.995,2597058
2018-10-02 04:00:00,7.01,7.105,6.88,6.98,1965261
2018-10-03 04:00:00,6.97,7.025,6.765,6.81,1463505
2018-10-04 04:00:00,6.79,6.8,6.44,6.47,3419533
2018-10-05 04:00:00,6.43,6.66,6.43,6.565,2274125
2018-10-08 04:00:00,6.6,6.86,6.59,6.78,1581223
2018-10-09 04:00:00,6.78,6.87,6.72,6.78,1062960
2018-10-10 04:00:00,6.59,6.71,6.47,6.51,3488952
2018-10-11 04:00:00,6.49,6.61,6.455,6.48,2421782
2018-10-12 04:00:00,6.58,6.58,6.29,6.31,1372347
2018-10-15 04:00:00,6.32,6.56,6.32,6.43,1823317
2018-10-16 04:00:00,6.46,6.57,6.2,6.49,2161472
2018-10-17 04:00:00,6.46,6.575,6.421,6.43,1298628
2018-10-18 04:00:00,6.48,6.56,6.415,6.5,1886636
2018-10-19 04:00:00,6.49,6.65,6.47,6.485,1632840
2018-10-22 04:00:00,6.51,6.6,6.41,6.42,1694477
2018-10-23 04:00:00,6.4,6.425,6.21,6.31,2027116
2018-10-24 04:00:00,6.3,6.42,6.09,6.14,3323671
2018-10-25 04:00:00,6.18,6.78,6.16,6.69,4496171
2018-10-26 04:00:00,6.64,6.71,6.395,6.54,2720568
2018-10-29 04:00:00,6.58,6.87,6.56,6.74,2119644
2018-10-30 04:00:00,6.74,6.86,6.61,6.745,2763177
2018-10-31 04:00:00,6.79,6.85,6.39,6.395,2715996
2018-11-01 04:00:00,6.44,6.53,6.37,6.51,1965126
2018-11-02 04:00:00,6.52,6.58,6.295,6.46,1766124
2018-11-05 05:00:00,6.49,6.77,6.46,6.705,1353944
2018-11-06 05:00:00,6.71,6.76,6.61,6.64,1261334
2018-11-07 05:00:00,6.69,6.78,6.63,6.74,983369
2018-11-08 05:00:00,6.75,6.81,6.665,6.78,760919
2018-11-09 05:00:00,6.78,6.89,6.77,6.81,706335
2018-11-12 05:00:00,6.83,6.96,6.81,6.86,1292648
2018-11-13 05:00:00,6.85,6.92,6.65,6.65,1580336
2018-11-14 05:00:00,6.7,6.75,6.54,6.5499,1747053
2018-11-15 05:00:00,6.5,6.5689,6.08,6.095,3713488
2018-11-16 05:00:00,6.04,6.25,5.8,6.2,3484665
2018-11-19 05:00:00,6.41,6.5,6.26,6.36,2052589
2018-11-20 05:00:00,6.31,6.32,6.1501,6.24,2168216
2018-11-21 05:00:00,6.25,6.43,6.2,6.335,1267109
2018-11-23 05:00:00,6.35,6.36,6.2,6.29,637872
2018-11-26 05:00:00,6.32,6.33,6.08,6.11,1933807
2018-11-27 05:00:00,6.11,6.275,6.07,6.24,1454035
2018-11-28 05:00:00,6.24,6.42,6.2,6.42,1875152
2018-11-29 05:00:00,6.4,6.495,6.3166,6.405,1554253
2018-11-30 05:00:00,6.15,6.3,6.08,6.245,2696228
2018-12-03 05:00:00,6.25,6.2613,6.08,6.2,1905693
2018-12-04 05:00:00,6.22,6.28,5.93,5.98,2229854
2018-12-06 05:00:00,5.94,6.15,5.82,6.15,2124608
2018-12-07 05:00:00,6.16,6.19,6.0303,6.15,1912313
2018-12-10 05:00:00,6.13,6.165,6.0,6.05,1230866
2018-12-11 05:00:00,6.09,6.24,6.08,6.2,1935323
2018-12-12 05:00:00,6.23,6.26,6.025,6.07,1319634
2018-12-13 05:00:00,6.21,6.265,6.11,6.13,1462981
2018-12-14 05:00:00,6.1,6.21,6.08,6.15,1251184
2018-12-17 05:00:00,6.19,6.19,5.76,5.77,3095594
2018-12-18 05:00:00,5.5,5.555,5.2,5.25,7938839
2018-12-19 05:00:00,5.23,5.33,4.885,4.9,5139963
2018-12-20 05:00:00,4.92,4.93,4.66,4.79,5280587
2018-12-21 05:00:00,4.82,5.12,4.82,5.01,5768670
2018-12-24 05:00:00,5.02,5.1,4.63,4.67,1910738
2018-12-26 05:00:00,4.7,5.055,4.61,5.04,2733186
2018-12-27 05:00:00,5.0,5.0363,4.76,4.975,2423143
2018-12-28 05:00:00,4.98,5.17,4.905,4.95,2009514
2018-12-31 05:00:00,4.97,4.98,4.74,4.87,1637423
2019-01-02 05:00:00,4.8,5.07,4.73,5.055,1919849
2019-01-03 05:00:00,5.05,5.21,5.015,5.035,2087141
2019-01-04 05:00:00,5.05,5.27,5.03,5.225,1360663
2019-01-07 05:00:00,5.22,5.53,5.05,5.5,1845967
2019-01-08 05:00:00,5.55,5.62,5.35,5.5501,2273339
2019-01-09 05:00:00,5.61,5.76,5.54,5.65,3072673
2019-01-10 05:00:00,5.6,5.62,5.53,5.57,818566
2019-01-11 05:00:00,5.56,5.57,5.31,5.365,1749063
2019-01-14 05:00:00,5.32,5.38,5.2299,5.29,1420398
2019-01-15 05:00:00,5.18,5.33,5.11,5.24,2351715
2019-01-16 05:00:00,5.28,5.345,5.24,5.28,2231526
2019-01-17 05:00:00,5.25,5.38,5.24,5.33,1370305
2019-01-18 05:00:00,5.33,5.465,5.31,5.405,1294496
2019-01-22 05:00:00,5.42,5.44,5.22,5.26,1149344
2019-01-23 05:00:00,5.27,5.33,5.17,5.22,1355932
2019-01-24 05:00:00,5.23,5.36,5.22,5.33,993046
2019-01-25 05:00:00,5.37,5.51,5.37,5.47,807184
2019-01-28 05:00:00,5.48,5.585,5.46,5.555,619716
2019-01-29 05:00:00,5.59,5.67,5.53,5.655,867762
2019-01-30 05:00:00,5.68,5.83,5.63,5.73,1523212
2019-01-31 05:00:00,5.76,5.8,5.63,5.68,1392457
2019-02-01 05:00:00,5.7,5.77,5.52,5.6,906539
2019-02-04 05:00:00,5.6,5.63,5.54,5.61,980548
2019-02-05 05:00:00,5.63,5.69,5.555,5.645,1144612
2019-02-06 05:00:00,5.63,5.68,5.48,5.55,902496
2019-02-07 05:00:00,5.54,5.54,5.32,5.35,1780646
2019-02-08 05:00:00,5.33,5.525,5.33,5.5,1181773
2019-02-11 05:00:00,5.51,5.64,5.47,5.63,774777
2019-02-12 05:00:00,5.68,5.685,5.43,5.505,1626712
2019-02-13 05:00:00,5.58,5.725,5.54,5.6866,2136814
2019-02-14 05:00:00,5.68,5.68,5.47,5.525,2568753
2019-02-15 05:00:00,5.56,5.6167,5.51,5.61,1144587
2019-02-19 05:00:00,5.65,5.81,5.605,5.78,2546976
2019-02-20 05:00:00,5.76,5.88,5.73,5.77,3066360
2019-02-21 05:00:00,5.85,5.85,5.5,5.68,3546723
2019-02-22 05:00:00,5.7,5.855,5.63,5.83,2138027
2019-02-25 05:00:00,5.84,5.94,5.791,5.84,1763691
2019-02-26 05:00:00,5.83,5.85,5.62,5.66,2953621
2019-02-27 05:00:00,5.64,5.71,5.56,5.69,2435366
2019-02-28 05:00:00,5.72,5.855,5.69,5.79,4418367
2019-03-01 05:00:00,5.55,5.6,5.07,5.15,5774180
2019-03-04 05:00:00,5.18,5.2,5.09,5.2,2535648
2019-03-05 05:00:00,5.19,5.33,5.17,5.31,1570138
2019-03-06 05:00:00,5.3,5.33,5.21,5.29,2207146
2019-03-07 05:00:00,5.3,5.34,5.2,5.23,1687243
2019-03-08 05:00:00,5.21,5.26,5.12,5.17,1694950
2019-03-11 04:00:00,5.19,5.22,5.05,5.14,2128020
2019-03-12 04:00:00,5.18,5.215,5.14,5.2,1335379
2019-03-13 04:00:00,5.22,5.33,5.15,5.28,1662157
2019-03-14 04:00:00,5.32,5.36,5.28,5.3263,1270965
2019-03-15 04:00:00,5.295,5.31,5.12,5.16,2198715
2019-03-18 04:00:00,5.15,5.245,5.145,5.19,1671439
2019-03-19 04:00:00,5.175,5.245,5.135,5.21,1269909
2019-03-20 04:00:00,5.21,5.32,5.085,5.22,1922023
2019-03-21 04:00:00,5.22,5.41,5.2,5.4,5559553
2019-03-22 04:00:00,5.4,5.47,5.36,5.4,2292976
2019-03-25 04:00:00,5.41,5.47,5.29,5.41,1471815
2019-03-26 04:00:00,5.44,5.61,5.41,5.53,2327439
2019-03-27 04:00:00,5.53,5.56,5.44,5.47,1396485
2019-03-28 04:00:00,5.47,5.61,5.43,5.51,2146934
2019-03-29 04:00:00,5.54,5.69,5.5,5.65,2114240
2019-04-01 04:00:00,5.7,5.72,5.45,5.64,1613382
2019-04-02 04:00:00,5.62,5.645,5.52,5.61,1471530
2019-04-03 04:00:00,5.6,5.6,5.47,5.49,1628745
2019-04-04 04:00:00,5.48,5.575,5.48,5.51,2431116
2019-04-05 04:00:00,5.53,5.61,5.5,5.53,2340774
2019-04-08 04:00:00,5.53,5.55,5.41,5.47,1388289
2019-04-09 04:00:00,5.47,5.5,5.34,5.34,1663705
2019-04-10 04:00:00,5.34,5.44,5.3,5.35,3206085
2019-04-11 04:00:00,5.37,5.38,5.27,5.3,1639964
2019-04-12 04:00:00,5.31,5.36,5.25,5.31,1044926
2019-04-15 04:00:00,5.32,5.34,5.09,5.1,2258086
2019-04-16 04:00:00,5.1,5.15,4.6899,4.8,8240807
2019-04-17 04:00:00,4.85,4.86,4.54,4.79,6648970
2019-04-18 04:00:00,4.76,4.87,4.7001,4.82,1725208
2019-04-22 04:00:00,4.84,4.8434,4.61,4.65,4574601
2019-04-23 04:00:00,4.65,4.72,4.59,4.64,3600813
2019-04-24 04:00:00,4.65,4.72,4.5228,4.55,3270452
2019-04-25 04:00:00,4.62,4.63,4.23,4.41,4949826
2019-04-26 04:00:00,4.41,4.65,4.41,4.63,2922699
2019-04-29 04:00:00,4.62,4.72,4.49,4.51,2114681
2019-04-30 04:00:00,4.51,4.55,4.37,4.45,2512695
2019-05-01 04:00:00,4.46,4.61,4.42,4.425,3026140
2019-05-02 04:00:00,4.4,4.47,4.32,4.39,1623100
2019-05-03 04:00:00,4.51,4.995,4.49,4.77,10584501
2019-05-06 04:00:00,4.76,4.99,4.7301,4.87,3602996
2019-05-07 04:00:00,4.85,4.9197,4.72,4.77,3309919
2019-05-08 04:00:00,4.77,4.85,4.73,4.74,1634962
2019-05-09 04:00:00,4.71,4.74,4.58,4.695,2059398
2019-05-10 04:00:00,4.7,4.77,4.67,4.75,1435503
2019-05-13 04:00:00,4.7,4.775,4.68,4.73,1669803
2019-05-14 04:00:00,4.73,4.87,4.73,4.83,1654113
2019-05-15 04:00:00,4.9,4.955,4.78,4.95,1692665
2019-05-16 04:00:00,4.94,4.94,4.85,4.85,1124119
2019-05-17 04:00:00,5.0,5.02,4.83,4.88,2005384
2019-05-20 04:00:00,4.85,4.9,4.5,4.57,3836861
2019-05-21 04:00:00,4.56,4.65,4.46,4.64,3977820
2019-05-22 04:00:00,4.62,4.75,4.42,4.46,3575446
2019-05-23 04:00:00,4.44,4.5,4.3601,4.46,2163459
2019-05-24 04:00:00,4.52,4.67,4.49,4.645,1411865
2019-05-28 04:00:00,4.68,4.7,4.5,4.5,2363274
2019-05-29 04:00:00,4.5,4.55,4.21,4.35,4332469
2019-05-30 04:00:00,4.36,4.46,4.34,4.43,3468517
2019-05-31 04:00:00,4.22,4.25,3.8,4.11,4683857
2019-06-03 04:00:00,4.12,4.125,3.98,4.05,2788884
2019-06-04 04:00:00,4.08,4.11,3.98,4.08,1749337
2019-06-05 04:00:00,4.1,4.11,3.99,4.04,1041124
2019-06-06 04:00:00,4.06,4.06,3.9,4.0,2353243
2019-06-07 04:00:00,4.01,4.11,3.96,4.05,1567910
2019-06-10 04:00:00,4.08,4.25,4.02,4.215,2766025
2019-06-11 04:00:00,4.22,4.305,4.13,4.15,2850665
2019-06-12 04:00:00,4.14,4.27,4.13,4.2,1673665
2019-06-13 04:00:00,4.21,4.34,4.205,4.3,1476579
2019-06-14 04:00:00,4.27,4.2835,3.96,3.97,6340407
2019-06-17 04:00:00,4.0,4.11,3.995,4.03,2678416
2019-06-18 04:00:00,4.07,4.22,4.06,4.17,4068413
2019-06-19 04:00:00,4.18,4.2,4.015,4.1,1321626
2019-06-20 04:00:00,4.11,4.14,4.02,4.03,1075972
2019-06-21 04:00:00,4.0,4.03,3.88,3.96,2787662
2019-06-24 04:00:00,3.98,4.0,3.62,3.64,4238569
2019-06-25 04:00:00,3.64,3.7,3.5,3.51,5446020
2019-06-26 04:00:00,3.53,3.71,3.46,3.48,4555897
2019-06-27 04:00:00,3.48,3.74,3.46,3.73,4394696
2019-06-28 04:00:00,3.87,3.95,3.79,3.825,3639329
2019-07-01 04:00:00,3.91,3.92,3.6601,3.735,2991207
2019-07-02 04:00:00,3.71,3.81,3.69,3.75,1839499
2019-07-03 04:00:00,3.75,3.84,3.74,3.81,775720
2019-07-05 04:00:00,3.78,3.88,3.71,3.86,1333992
2019-07-08 04:00:00,3.85,3.95,3.85,3.9,1830347
2019-07-09 04:00:00,3.9,3.9399,3.79,3.86,1702331
2019-07-10 04:00:00,3.88,3.9,3.81,3.84,1202871
2019-07-11 04:00:00,3.83,3.86,3.69,3.755,2187638
2019-07-12 04:00:00,3.75,3.765,3.65,3.69,1803371
2019-07-15 04:00:00,3.69,3.75,3.64,3.65,1917262
2019-07-16 04:00:00,3.67,3.765,3.63,3.74,1692114
2019-07-17 04:00:00,3.74,3.75,3.58,3.63,1715549
2019-07-18 04:00:00,3.62,3.62,3.45,3.55,3185944
2019-07-19 04:00:00,3.54,3.55,3.23,3.35,7068933
2019-07-22 04:00:00,3.39,3.42,3.32,3.37,1937026
2019-07-23 04:00:00,3.38,3.49,3.38,3.46,2057173
2019-07-24 04:00:00,3.45,3.545,3.43,3.46,1942590
2019-07-25 04:00:00,3.69,3.73,3.46,3.54,5118494
2019-07-26 04:00:00,3.57,3.62,3.475,3.57,2702583
2019-07-29 04:00:00,3.58,3.66,3.54,3.595,2341170
2019-07-30 04:00:00,3.59,3.74,3.56,3.71,1871803
2019-07-31 04:00:00,3.74,3.78,3.6,3.63,3339455
2019-08-01 04:00:00,3.61,3.65,3.5,3.51,2577084
2019-08-02 04:00:00,3.48,3.59,3.42,3.58,1361628
2019-08-05 04:00:00,3.58,3.6,3.45,3.53,2468268
2019-08-06 04:00:00,3.56,3.6,3.49,3.54,1887347
2019-08-07 04:00:00,3.53,3.65,3.46,3.62,2257328
2019-08-08 04:00:00,3.64,3.7,3.6,3.66,3168589
2019-08-09 04:00:00,3.635,3.68,3.54,3.6,2389409
2019-08-12 04:00:00,3.59,3.62,3.47,3.62,2107142
2019-08-13 04:00:00,3.56,3.71,3.52,3.54,2562733
2019-08-14 04:00:00,3.55,3.58,3.25,3.26,6127673
2019-08-15 04:00:00,3.3,3.34,3.12,3.2053,4863083
2019-08-16 04:00:00,3.24,3.38,3.17,3.27,3873611
2019-08-19 04:00:00,3.31,3.44,3.3,3.37,2634733
2019-08-20 04:00:00,3.37,3.4,3.21,3.24,2346774
2019-08-21 04:00:00,3.29,3.33,3.24,3.305,2871066
2019-08-22 04:00:00,3.33,3.43,3.32,3.39,1800689
2019-08-23 04:00:00,3.39,3.42,3.29,3.31,1673563
2019-08-26 04:00:00,3.33,3.39,3.3,3.39,2468116
2019-08-27 04:00:00,3.4,3.44,3.28,3.285,2619615
2019-08-28 04:00:00,3.28,3.42,3.26,3.36,2201710
2019-08-29 04:00:00,3.41,3.5,3.37,3.485,3316763
2019-08-30 04:00:00,3.23,3.34,3.18,3.24,2844030
2019-09-03 04:00:00,3.19,3.21,3.11,3.2,2295365
2019-09-04 04:00:00,3.2,3.35,3.2,3.32,2052253
2019-09-05 04:00:00,3.33,3.4,3.27,3.38,2424269
2019-09-06 04:00:00,3.37,3.47,3.35,3.45,1926614
2019-09-09 04:00:00,3.45,3.85,3.44,3.81,6307050
2019-09-10 04:00:00,3.87,4.29,3.84,4.15,10848111
2019-09-11 04:00:00,4.17,4.61,4.115,4.4,9739715
2019-09-12 04:00:00,4.37,4.49,4.17,4.18,5216998
2019-09-13 04:00:00,4.2,4.37,3.83,3.955,6657695
2019-09-16 04:00:00,4.03,4.06,3.9,4.03,4249326
2019-09-17 04:00:00,4.01,4.06,3.855,3.95,3411414
2019-09-18 04:00:00,3.92,3.99,3.83,3.9,2523806
2019-09-19 04:00:00,3.93,4.07,3.92,4.0,2634090
2019-09-20 04:00:00,4.02,4.1,3.94,3.98,3256086
2019-09-23 04:00:00,3.99,4.08,3.96,4.02,1803391
2019-09-24 04:00:00,4.04,4.125,4.02,4.06,2424765
2019-09-25 04:00:00,4.03,4.17,4.03,4.09,2796300
2019-09-26 04:00:00,4.1,4.31,4.06,4.26,3544254
2019-09-27 04:00:00,4.25,4.35,4.135,4.18,2360720
2019-09-30 04:00:00,4.2,4.27,4.13,4.13,1567726
2019-10-01 04:00:00,4.16,4.19,3.92,3.96,2395826
2019-10-02 04:00:00,3.92,3.97,3.83,3.88,2159972
2019-10-03 04:00:00,3.87,3.95,3.75,3.84,2667240
2019-10-04 04:00:00,3.84,3.91,3.77,3.825,1706139
2019-10-07 04:00:00,3.83,3.92,3.755,3.88,1458062
2019-10-08 04:00:00,3.85,3.875,3.71,3.73,2824558
2019-10-09 04:00:00,3.7027,3.76,3.62,3.64,2620846
2019-10-10 04:00:00,3.65,3.73,3.62,3.68,1853958
2019-10-11 04:00:00,3.75,3.91,3.72,3.87,2454806
2019-10-14 04:00:00,3.85,3.95,3.79,3.89,1394247
2019-10-15 04:00:00,3.92,4.07,3.9,4.0,2980323
2019-10-16 04:00:00,3.96,4.13,3.96,4.1,2289126
2019-10-17 04:00:00,4.1,4.2,4.04,4.13,2599182
2019-10-18 04:00:00,4.08,4.14,4.0,4.09,3013741
2019-10-21 04:00:00,4.09,4.26,4.07,4.25,2562634
2019-10-22 04:00:00,4.23,4.42,4.1,4.39,3246158
2019-10-23 04:00:00,4.36,4.48,4.35,4.45,2889882
2019-10-24 04:00:00,4.56,4.69,4.27,4.33,6588118
2019-10-25 04:00:00,4.3,4.5,4.24,4.44,4862954
2019-10-28 04:00:00,4.41,4.48,4.36,4.36,2413084
2019-10-29 04:00:00,4.37,4.5,4.32,4.415,2109253
2019-10-30 04:00:00,4.44,4.45,4.06,4.32,4300986
2019-10-31 04:00:00,4.21,4.229,4.14,4.22,1617775
2019-11-01 04:00:00,4.23,4.42,4.185,4.41,2908427
2019-11-04 05:00:00,4.42,4.555,4.41,4.52,2883454
2019-11-05 05:00:00,4.53,4.62,4.47,4.57,3176157
2019-11-06 05:00:00,4.6,4.62,4.48,4.5,2555320
2019-11-07 05:00:00,4.5,4.565,4.48,4.5,1458612
2019-11-08 05:00:00,4.43,4.47,4.3,4.32,2554441
2019-11-11 05:00:00,4.35,4.4,4.27,4.38,2024611
2019-11-12 05:00:00,4.39,4.42,4.32,4.33,1888264
2019-11-13 05:00:00,4.3,4.347,4.22,4.31,2224858
2019-11-14 05:00:00,4.28,4.47,4.28,4.41,2730858
2019-11-15 05:00:00,4.45,4.48,4.37,4.4,2975541
2019-11-18 05:00:00,4.45,4.4697,4.33,4.37,2399564
2019-11-19 05:00:00,4.37,4.39,4.22,4.225,3151371
2019-11-20 05:00:00,4.21,4.23,4.06,4.16,3366160
2019-11-21 05:00:00,4.18,4.2,4.04,4.17,2705262
2019-11-22 05:00:00,4.2,4.2099,4.09,4.12,2157216
2019-11-25 05:00:00,4.17,4.325,4.14,4.3,3065153
2019-11-26 05:00:00,4.35,4.395,4.28,4.33,2799348
2019-11-27 05:00:00,4.38,4.485,4.33,4.47,4987431
2019-11-29 05:00:00,4.2,4.24,4.04,4.165,2053095
2019-12-02 05:00:00,4.15,4.205,4.11,4.14,2510152
2019-12-03 05:00:00,3.99,4.02,3.75,3.89,6815546
2019-12-04 05:00:00,3.85,3.95,3.78,3.8,3305348
2019-12-05 05:00:00,3.77,3.82,3.585,3.595,5051200
2019-12-06 05:00:00,3.63,3.785,3.63,3.76,3787964
2019-12-09 05:00:00,3.76,3.94,3.76,3.87,3959707
2019-12-10 05:00:00,3.9,3.96,3.85,3.9,3385467
2019-12-11 05:00:00,3.88,3.91,3.71,3.73,3538221
2019-12-12 05:00:00,3.81,3.85,3.65,3.65,3367826
2019-12-13 05:00:00,3.68,3.72,3.58,3.595,3385967
2019-12-16 05:00:00,3.68,3.69,3.42,3.56,6093307
2019-12-17 05:00:00,3.56,3.69,3.55,3.65,3836370
2019-12-18 05:00:00,3.6,3.7,3.57,3.675,2844450
2019-12-19 05:00:00,3.69,3.73,3.65,3.66,2941088
2019-12-20 05:00:00,3.66,3.67,3.58,3.63,4023516
2019-12-23 05:00:00,3.63,3.66,3.48,3.53,3968285
2019-12-24 05:00:00,3.53,3.58,3.52,3.54,1149828
2019-12-26 05:00:00,3.54,3.58,3.5,3.55,2373927
2019-12-27 05:00:00,3.57,3.61,3.52,3.53,2038195
2019-12-30 05:00:00,3.54,3.59,3.51,3.57,2388641
2019-12-31 05:00:00,3.57,3.66,3.56,3.63,3244300
2020-01-02 05:00:00,3.66,3.67,3.39,3.42,4641800
2020-01-03 05:00:00,3.41,3.51,3.35,3.45,2601418
2020-01-06 05:00:00,3.45,3.57,3.43,3.53,2699187
2020-01-07 05:00:00,3.54,3.56,3.46,3.55,1845785
2020-01-08 05:00:00,3.54,3.6,3.52,3.58,1495088
2020-01-09 05:00:00,3.57,3.64,3.54,3.58,1918507
2020-01-10 05:00:00,3.58,3.58,3.5,3.515,1899107
2020-01-13 05:00:00,3.52,3.6,3.5,3.6,1872548
2020-01-14 05:00:00,3.61,3.68,3.56,3.66,1950098
2020-01-15 05:00:00,3.67,3.78,3.67,3.725,2727057
2020-01-16 05:00:00,3.76,3.795,3.67,3.7,2452753
2020-01-17 05:00:00,3.69,3.76,3.69,3.72,1858418
2020-01-21 05:00:00,3.71,3.72,3.65,3.685,4323766
2020-01-22 05:00:00,3.71,3.81,3.6989,3.755,4029348
2020-01-23 05:00:00,3.78,3.795,3.72,3.73,4668380
2020-01-24 05:00:00,3.75,3.75,3.35,3.35,15314290
2020-01-27 05:00:00,3.35,3.36,3.18,3.185,6945645
2020-01-28 05:00:00,3.22,3.29,3.18,3.22,3520905
2020-01-29 05:00:00,3.25,3.31,3.19,3.27,3264856
2020-01-30 05:00:00,3.27,3.27,3.05,3.12,6171923
2020-01-31 05:00:00,3.14,3.148,3.01,3.01,4227150
2020-02-03 05:00:00,3.08,3.13,3.01,3.02,3634505
2020-02-04 05:00:00,3.08,3.13,3.04,3.085,3200837
2020-02-05 05:00:00,3.14,3.22,3.1,3.18,4471754
2020-02-06 05:00:00,3.2,3.33,3.2,3.25,3880684
2020-02-07 05:00:00,3.27,3.28,2.92,2.95,7845703
2020-02-10 05:00:00,3.02,3.05,2.97,3.02,3864968
2020-02-11 05:00:00,3.03,3.03,2.87,2.9,5040130
2020-02-12 05:00:00,2.95,2.99,2.89,2.96,3699006
2020-02-13 05:00:00,2.96,2.99,2.7,2.86,4385423
2020-02-14 05:00:00,2.86,2.86,2.65,2.67,6086817
2020-02-18 05:00:00,2.66,2.84,2.65,2.82,3943352
2020-02-19 05:00:00,2.85,2.88,2.68,2.69,3722037
2020-02-20 05:00:00,2.72,2.83,2.71,2.77,2332073
2020-02-21 05:00:00,2.8,2.84,2.72,2.72,4897520
2020-02-24 05:00:00,2.71,2.75,2.51,2.61,5428217
2020-02-25 05:00:00,2.65,2.65,2.39,2.41,7695490
2020-02-26 05:00:00,2.38,2.42,2.17,2.26,12459306
2020-02-27 05:00:00,2.33,2.96,2.24,2.49,25514308
2020-02-28 05:00:00,2.56,2.85,2.46,2.76,14263536
2020-03-02 05:00:00,2.85,2.86,2.47,2.505,7290473
2020-03-03 05:00:00,2.6,2.66,2.5,2.59,4816603
2020-03-04 05:00:00,2.64,2.65,2.52,2.65,5209294
2020-03-05 05:00:00,2.65,2.69,2.48,2.51,5702154
2020-03-06 05:00:00,2.39,2.4,2.21,2.34,5846759
2020-03-09 04:00:00,2.07,2.19,1.93,1.99,6086828
2020-03-10 04:00:00,2.1,2.16,2.0,2.15,7408896
2020-03-11 04:00:00,2.1,2.1,1.77001,1.785,8810952
2020-03-12 04:00:00,1.54,1.75,1.27,1.37,9552143
2020-03-13 04:00:00,1.53,1.84,1.405,1.7,9412594
2020-03-16 04:00:00,1.57,1.57,1.23,1.31,9262656
2020-03-17 04:00:00,1.35,1.47,1.23,1.32,5961628
2020-03-18 04:00:00,1.22,1.26,1.01,1.1001,9290034
2020-03-19 04:00:00,1.1,1.62,1.05,1.405,9985563
2020-03-20 04:00:00,1.55,1.55,1.1,1.155,11020924
2020-03-23 04:00:00,1.15,1.19,1.01,1.06,6341130
2020-03-24 04:00:00,1.16,1.2,1.13,1.16,3256633
2020-03-25 04:00:00,1.17,1.26,1.1,1.22,5739931
2020-03-26 04:00:00,1.2,1.21,1.06,1.1,7188110
2020-03-27 04:00:00,1.07,1.0998,1.01,1.025,4409035
2020-03-30 04:00:00,1.02,1.03,0.85,0.8516,6840675
2020-03-31 04:00:00,0.85,0.8901,0.805,0.8051,4339080
2020-04-01 04:00:00,0.752,0.78,0.5779,0.6205,9917095
2020-04-02 04:00:00,0.6465,0.7344,0.58,0.58,7959766
2020-04-03 04:00:00,0.63,0.66,0.5585,0.61,6180324
2020-04-06 04:00:00,0.63,0.8198,0.63,0.7233,7040073
2020-04-07 04:00:00,0.8,1.049,0.7801,0.8165,8891659
2020-04-08 04:00:00,0.86,0.877,0.8032,0.8439,4189932
2020-04-09 04:00:00,0.88,1.04,0.87,1.0,9077651
2020-04-13 04:00:00,1.04,1.05,0.8553,0.8651,7361566
2020-04-14 04:00:00,0.9251,0.9529,0.89,0.9406,5389421
2020-04-15 04:00:00,0.85,0.91,0.7852,0.7901,6093746
2020-04-16 04:00:00,0.8201,0.8218,0.7434,0.7436,3887231
2020-04-17 04:00:00,0.7585,0.8215,0.745,0.7776,4331023
2020-04-20 04:00:00,0.76,0.7701,0.7,0.7036,7384348
2020-04-21 04:00:00,0.7,0.7082,0.652,0.7015,5657869
2020-04-22 04:00:00,0.7139,0.7296,0.64,0.6589,3729794
2020-04-23 04:00:00,0.68,0.7249,0.6517,0.6861,4456432
2020-04-24 04:00:00,0.72,0.73,0.67,0.704,3345740
2020-04-27 04:00:00,0.72,0.84,0.69,0.8113,5896161
2020-04-28 04:00:00,0.86,0.93,0.7996,0.8487,5066567
2020-04-29 04:00:00,0.8235,0.9899,0.8235,0.98,10559215
2020-04-30 04:00:00,0.9564,0.98,0.8554,0.8666,5079920
2020-05-01 04:00:00,0.8561,0.8561,0.7,0.7501,6725842
2020-05-04 04:00:00,0.7466,0.76,0.72,0.7388,2655744
2020-05-05 04:00:00,0.7666,0.7888,0.7029,0.7174,4241838
2020-05-06 04:00:00,0.74,0.749,0.68,0.6921,2869963
2020-05-07 04:00:00,0.7,0.7649,0.69,0.7101,2983508
2020-05-08 04:00:00,0.74,0.7475,0.691,0.7187,3626077
2020-05-11 04:00:00,0.7118,0.719,0.69,0.6955,2818650
2020-05-12 04:00:00,0.71,0.7105,0.66,0.6601,5605731
2020-05-13 04:00:00,0.6674,0.678,0.5861,0.627,5651160
2020-05-14 04:00:00,0.6101,0.6493,0.59,0.6351,3273342
2020-05-15 04:00:00,0.6251,0.64,0.6102,0.6322,2825834
2020-05-18 04:00:00,0.66,0.72,0.655,0.6792,5008279
2020-05-19 04:00:00,0.6936,0.6936,0.6424,0.6468,4560207
2020-05-20 04:00:00,0.67,0.6762,0.6444,0.6595,5666693
2020-05-21 04:00:00,0.66,0.675,0.65,0.6612,3555527
2020-05-22 04:00:00,0.67,0.68,0.645,0.6656,1768561
2020-05-26 04:00:00,0.6844,0.7101,0.6749,0.7019,3177092
2020-05-27 04:00:00,0.73,0.75,0.695,0.7499,4150643
2020-05-28 04:00:00,0.77,0.77,0.71,0.713,4297746
2020-05-29 04:00:00,0.7051,0.7051,0.6485,0.6501,5053020
2020-06-01 04:00:00,0.66,0.686,0.65,0.6603,3218654
2020-06-02 04:00:00,0.68,0.685,0.655,0.661481,3776432
2020-06-03 04:00:00,0.6771,0.7191,0.67,0.7087,5325915
2020-06-04 04:00:00,0.72,0.8398,0.7,0.8226,6899298
2020-06-05 04:00:00,0.92,1.23,0.86005,1.11,27775003
2020-06-08 04:00:00,1.25,1.95,1.25,1.71,32537225
2020-06-09 04:00:00,1.52,1.54,1.28,1.41,11888400
2020-06-10 04:00:00,1.37,1.37,1.1,1.24,10637708
2020-06-11 04:00:00,1.09,1.09,0.83005,0.9204,9558114
2020-06-12 04:00:00,1.07,1.14,1.05,1.055,2229512
2020-06-15 04:00:00,1.0,1.09,0.9506,1.0199,4216981
2020-06-16 04:00:00,1.16,1.2101,1.06,1.07,4362830
2020-06-17 04:00:00,1.06,1.08,1.02,1.03,3249117
2020-06-18 04:00:00,1.0,1.03,0.95,0.9799,4514696
2020-06-19 04:00:00,0.98,1.02,0.951,1.005,4230646
2020-06-22 04:00:00,1.01,1.01,0.95,0.9585,3587601
2020-06-23 04:00:00,0.9769,1.03,0.9412,0.9669,5224485
2020-06-24 04:00:00,0.94,0.9601,0.83,0.8701,7834015
2020-06-25 04:00:00,0.83,0.88,0.83,0.8391,5147731
2020-06-26 04:00:00,0.841,0.8771,0.8151,0.845,4684256
2020-06-29 04:00:00,0.85,0.8699,0.82,0.8337,3760989
2020-06-30 04:00:00,0.89,0.92,0.8269,0.83705,5388539
2020-07-01 04:00:00,0.8564,0.8955,0.84,0.8406,4498368
2020-07-02 04:00:00,0.86,0.869,0.8201,0.8223,4346126
2020-07-06 04:00:00,0.84,0.851,0.8001,0.8246,4155698
2020-07-07 04:00:00,0.81,0.8179,0.7709,0.7812,3672742
2020-07-08 04:00:00,0.79,0.7901,0.7405,0.7503,4788130
2020-07-09 04:00:00,0.75,0.75,0.71,0.7124,3549067
2020-07-10 04:00:00,0.7098,0.7361,0.7,0.7321,3015695
2020-07-13 04:00:00,0.735,0.759,0.705,0.7306,3053475
2020-07-14 04:00:00,0.726,0.729,0.7001,0.729,2230009
2020-07-15 04:00:00,0.74,0.7781,0.722,0.7682,3756475
2020-07-16 04:00:00,0.75,0.79,0.7333,0.7499,3290399
2020-07-17 04:00:00,0.7459,0.7562,0.734,0.7483,1899630
2020-07-20 04:00:00,0.74,0.75,0.7152,0.7161,2236430
2020-07-21 04:00:00,0.7294,0.7756,0.720101,0.752,2516033
2020-07-22 04:00:00,0.75,0.7993,0.741,0.7815,2905305
2020-07-23 04:00:00,0.7873,0.798,0.755,0.78,1640482
2020-07-24 04:00:00,0.77,0.7898,0.755,0.7839,1429235
2020-07-27 04:00:00,0.76,0.7901,0.75,0.7672,1685263
2020-07-28 04:00:00,0.76,0.7799,0.755,0.77,2445759
2020-07-29 04:00:00,0.7771,0.8,0.7515,0.7939,3200202
2020-07-30 04:00:00,0.7855,0.79,0.77,0.7711,2079388
2020-07-31 04:00:00,0.785,0.785,0.7221,0.7379,4705148
2020-08-03 04:00:00,0.74,0.746,0.7121,0.7201,2994986
2020-08-04 04:00:00,0.7001,0.7497,0.7001,0.7235,3206248
2020-08-05 04:00:00,0.711,0.74,0.711,0.7246,3365610
2020-08-06 04:00:00,0.73,0.74,0.7114,0.7181,3413940
2020-08-07 04:00:00,0.71,0.75,0.71,0.7404,5161378
2020-08-10 04:00:00,0.84,0.84,0.7703,0.8241,12820318
2020-08-11 04:00:00,0.725,0.78,0.722,0.723801,12867893
2020-08-12 04:00:00,0.7308,0.754399,0.71,0.7279,6980244
2020-08-13 04:00:00,0.73,0.73,0.7001,0.7131,6366828
2020-08-14 04:00:00,0.7083,0.7189,0.7001,0.7101,3712640
2020-08-17 04:00:00,0.7634,0.7726,0.72,0.7307,10386994
2020-08-18 04:00:00,0.7211,0.7249,0.705,0.7183,4465630
2020-08-19 04:00:00,0.71,0.748,0.71,0.7114,5722224
2020-08-20 04:00:00,0.708,0.7176,0.701,0.7106,4332396
2020-08-21 04:00:00,0.7,0.719,0.7,0.7036,3949872
2020-08-24 04:00:00,0.7005,0.7103,0.675,0.7103,6334738
2020-08-25 04:00:00,0.7,0.715,0.67,0.6965,5765736
2020-08-26 04:00:00,0.68,0.691,0.68,0.6826,4007066
2020-08-27 04:00:00,0.6817,0.7,0.6817,0.6947,3250532
2020-08-28 04:00:00,0.68,0.695,0.675,0.6935,3007338
2020-08-31 04:00:00,0.694,0.7,0.6777,0.6784,4820686
2020-09-01 04:00:00,0.689,0.7,0.6553,0.6581,3854622
2020-09-02 04:00:00,0.6553,0.6592,0.6098,0.6469,6075176
2020-09-03 04:00:00,0.66,0.71,0.65,0.6785,7870414
2020-09-04 04:00:00,0.68,0.68,0.6411,0.6646,4698704
2020-09-08 04:00:00,0.6591,0.66,0.6321,0.6445,3916874
2020-09-09 04:00:00,0.65,0.65,0.6251,0.6313,3426154
2020-09-10 04:00:00,0.644799,0.66,0.63,0.63,1595290
2020-09-11 04:00:00,0.63,0.6376,0.6043,0.6051,2635544
2020-09-14 04:00:00,0.6167,0.6376,0.6099,0.634709,3462592
2020-09-15 04:00:00,0.706,0.75,0.65,0.6533,7613427
2020-09-16 04:00:00,0.6669,0.73,0.661,0.7218,3440598
2020-09-17 04:00:00,0.69,0.73,0.6651,0.7,2267520
2020-09-18 04:00:00,0.688,0.7052,0.6581,0.68711,2533536
2020-09-21 04:00:00,0.6639,0.675,0.65,0.6621,2749618
2020-09-22 04:00:00,0.645,0.6629,0.619,0.6223,2382894
2020-09-23 04:00:00,0.64,0.6415,0.5905,0.5911,2582801
2020-09-24 04:00:00,0.59,0.6001,0.571517,0.5843,1963599
2020-09-25 04:00:00,0.58,0.605,0.58,0.5926,1099169
2020-09-28 04:00:00,0.61,0.6898,0.6001,0.6782,4263172
2020-09-29 04:00:00,0.66,0.675,0.611,0.6296,3349627
2020-09-30 04:00:00,0.63,0.6517,0.6165,0.6311,3044584
2020-10-01 04:00:00,0.6321,0.6385,0.615,0.6258,3905969
2020-10-02 04:00:00,0.6175,0.6269,0.6,0.6104,4094386
2020-10-05 04:00:00,0.62,0.6249,0.606,0.6165,2272060
2020-10-06 04:00:00,0.62,0.6277,0.608,0.6103,2226615
2020-10-07 04:00:00,0.6058,0.62,0.5935,0.605,6628568
2020-10-08 04:00:00,0.6089,0.6089,0.59,0.5949,5667122
2020-10-09 04:00:00,0.595,0.599599,0.59,0.593,3230414
2020-10-12 04:00:00,0.59,0.5949,0.58,0.5831,4299721
2020-10-13 04:00:00,0.58,0.5879,0.5666,0.572,3330233
2020-10-14 04:00:00,0.6,0.6,0.561,0.5707,3906922
2020-10-15 04:00:00,0.5616,0.6101,0.5616,0.6011,6857205
2020-10-16 04:00:00,0.613,0.6377,0.581,0.5983,3785528
2020-10-19 04:00:00,0.585,0.6156,0.585,0.6019,2953525
2020-10-20 04:00:00,0.59,0.6165,0.59,0.6043,2477913
2020-10-21 04:00:00,0.59,0.625,0.59,0.6136,2084414
2020-10-22 04:00:00,0.59,0.6366,0.59,0.63,4402955
2020-10-23 04:00:00,0.6214,0.65,0.6201,0.6326,4940782
2020-10-26 04:00:00,0.62,0.6299,0.6015,0.6202,3790544
2020-10-27 04:00:00,0.6,0.6198,0.5855,0.60435,6011231
2020-10-28 04:00:00,0.5855,0.5983,0.577,0.5825,3923031
2020-10-29 04:00:00,0.59,0.6011,0.5799,0.5914,2854723
2020-10-30 04:00:00,0.575,0.6124,0.575,0.5873,2409962
2020-11-02 05:00:00,0.57,0.5877,0.55,0.5664,6243879
2020-11-03 05:00:00,0.59,0.615,0.5774,0.609,5754233
2020-11-04 05:00:00,0.602,0.6224,0.5805,0.6201,5823107
2020-11-05 05:00:00,0.62,0.636,0.6128,0.6302,6824937
2020-11-06 05:00:00,0.58,0.6,0.4898,0.545,32197790
2020-11-09 05:00:00,0.615,0.6777,0.59,0.6401,32633865
2020-11-10 05:00:00,0.6,0.656,0.5797,0.6501,16798737
2020-11-11 05:00:00,0.6333,0.643,0.622,0.638,10644590
2020-11-12 05:00:00,0.613,0.6504,0.56,0.65,28925232
2020-11-13 05:00:00,0.631,0.7154,0.62,0.7001,14684668
2020-11-16 05:00:00,0.73,0.7476,0.6937,0.702,7655670
2020-11-17 05:00:00,0.7146,0.7349,0.681,0.7171,7208310
2020-11-18 05:00:00,0.7257,0.8279,0.72,0.7561,14323421
2020-11-19 05:00:00,0.7583,0.7992,0.7452,0.7873,8753715
2020-11-20 05:00:00,0.787,0.8277,0.785,0.8079,12094002
2020-11-23 05:00:00,0.84,0.9899,0.83,0.9897,24343074
2020-11-24 05:00:00,1.09,1.45,1.08,1.32,53998618
2020-11-25 05:00:00,1.15,1.15,1.02,1.12,25376386
2020-11-27 05:00:00,1.15,1.15,1.06,1.0702,5401714
2020-11-30 05:00:00,1.19,1.22,1.0,1.02,4731448
2020-12-01 05:00:00,1.05,1.1,1.02,1.05,4115964
2020-12-02 05:00:00,1.05,1.13,1.01,1.125,3611341
2020-12-03 05:00:00,1.13,1.16,1.11,1.1246,2893277
2020-12-04 05:00:00,1.13,1.15,1.12,1.15,3308466
2020-12-07 05:00:00,1.15,1.16,1.05,1.09,2669563
2020-12-08 05:00:00,1.1,1.17,1.07,1.135,3307809
2020-12-09 05:00:00,1.15,1.15,1.03,1.0513,3505266
2020-12-10 05:00:00,1.07,1.12,1.06,1.08,2210046
2020-12-11 05:00:00,1.09,1.11,1.05,1.0965,2464447
2020-12-14 05:00:00,1.1,1.1,1.04,1.04,2350701
2020-12-15 05:00:00,1.05,1.07,1.02,1.04,2602330
2020-12-16 05:00:00,1.05,1.07,1.01,1.01,2655082
2020-12-17 05:00:00,1.0,1.02,0.94,0.9616,8142211
2020-12-18 05:00:00,0.94,0.9501,0.81401,0.8601,7366092
2020-12-21 05:00:00,0.85,0.9292,0.83,0.91,4415655
2020-12-22 05:00:00,7.83,7.83,7.11,7.11,987324
2020-12-23 05:00:00,7.18,7.62,7.16,7.36,578272
2020-12-24 05:00:00,7.32,7.43,7.01,7.27,312680
2020-12-28 05:00:00,7.27,7.2899,6.92,7.05,738384
2020-12-29 05:00:00,7.06,7.09,6.45,6.67,660747
2020-12-30 05:00:00,6.75,6.95,6.66,6.74,401017
2020-12-31 05:00:00,6.71,6.78,6.45,6.72,521127
2021-01-04 05:00:00,6.84,6.86,6.265,6.55,524821
2021-01-05 05:00:00,6.5,7.04,6.46,6.77,357286
2021-01-06 05:00:00,6.9,7.41,6.87,7.36,498712
2021-01-07 05:00:00,7.45,8.0,7.37,7.97,579293
2021-01-08 05:00:00,7.99,9.44,7.93,8.84,1298656
2021-01-11 05:00:00,8.5,9.0,8.5,8.77,420218
2021-01-12 05:00:00,8.82,9.05,8.75,9.04,474538
2021-01-13 05:00:00,9.1,10.23,8.83,9.95,1303872
2021-01-14 05:00:00,10.19,11.46,10.15,11.03,963895
2021-01-15 05:00:00,10.88,10.93,9.99,10.18,438509
2021-01-19 05:00:00,10.19,11.38,10.05,10.98,569901
2021-01-20 05:00:00,11.09,11.24,10.83,10.88,240720
2021-01-21 05:00:00,10.71,11.21,10.39,11.17,238162
2021-01-22 05:00:00,11.03,11.69,10.84,11.45,356164
2021-01-25 05:00:00,11.37,12.91,11.37,12.45,663101
2021-01-26 05:00:00,12.57,14.36,12.4698,14.27,612945
2021-01-27 05:00:00,14.28,16.5499,13.51,14.85,1062385
2021-01-28 05:00:00,14.9,14.9,13.67,14.26,747149
2021-01-29 05:00:00,14.04,14.29,13.6101,14.05,458795
2021-02-01 05:00:00,14.13,14.4,12.315,12.34,441246
2021-02-02 05:00:00,12.46,12.46,10.16,10.23,930362
2021-02-03 05:00:00,10.18,10.87,10.17,10.58,296807
2021-02-04 05:00:00,10.44,11.37,10.3501,10.68,343219
2021-02-05 05:00:00,10.9,11.51,10.755,11.01,284730
2021-02-08 05:00:00,10.92,11.5,10.72,11.33,266373
2021-02-09 05:00:00,11.3,11.4,10.77,11.14,268074
2021-02-10 05:00:00,11.28,12.43,11.24,12.28,378476
2021-02-11 05:00:00,11.95,12.7289,11.91,12.23,284084
2021-02-12 05:00:00,12.06,12.16,11.75,12.05,229555
2021-02-16 05:00:00,10.68,10.68,7.5,7.51,5523763
2021-02-17 05:00:00,7.5,7.5,6.09,6.34,3970249
2021-02-18 05:00:00,6.14,7.3667,6.11,6.91,1845560
2021-02-19 05:00:00,6.94,7.14,6.5602,6.86,851101
2021-02-22 05:00:00,6.99,7.09,6.75,6.89,693353
2021-02-23 05:00:00,6.77,6.85,6.2102,6.64,685751
2021-02-24 05:00:00,6.65,7.21,6.6472,6.7,770706
2021-02-25 05:00:00,6.77,6.97,6.17,6.35,984754
2021-02-26 05:00:00,6.49,6.6,6.11,6.23,613711
2021-03-01 05:00:00,6.4,6.68,6.209,6.23,498955
2021-03-02 05:00:00,6.21,6.435,5.97,6.28,477598
2021-03-03 05:00:00,6.27,6.51,6.16,6.25,331048
2021-03-04 05:00:00,6.39,6.57,2.3401,2.54,11170173
2021-03-05 05:00:00,2.5,2.52,1.69,2.0,7474910
2021-03-08 05:00:00,2.12,2.13,1.7,1.82,3975838
2021-03-09 05:00:00,1.85,4.72,1.79,3.1601,43648885
2021-03-10 05:00:00,3.42,4.68,3.0411,3.11,14485352
2021-03-11 05:00:00,3.2,3.47,2.95,3.32,3949056
2021-03-12 05:00:00,3.18,3.31,2.98,3.03,1977777
2021-03-15 04:00:00,3.2,3.39,3.06,3.14,2452010
2021-03-16 04:00:00,3.14,3.19,2.84,2.92,2267541
2021-03-17 04:00:00,2.79,2.9199,2.64,2.76,2581610
2021-03-18 04:00:00,2.72,3.06,2.68,2.82,1977370
2021-03-19 04:00:00,2.81,3.01,2.71,3.0,1477779
2021-03-22 04:00:00,3.02,3.04,2.72,2.77,1722212
2021-03-23 04:00:00,2.81,2.8,2.46,2.49,1375599
2021-03-24 04:00:00,2.52,2.6,2.06,2.09,2105606
2021-03-25 04:00:00,2.06,2.08,1.91,1.97,1932523
2021-03-26 04:00:00,2.02,2.27,1.94,2.085,2366975
2021-03-29 04:00:00,2.1,2.27,2.04,2.17,1245153
2021-03-30 04:00:00,2.15,2.34,2.03,2.225,811572
2021-03-31 04:00:00,2.19,2.36,2.1501,2.23,562682
2021-04-01 04:00:00,2.47,2.55,2.2535,2.46,1335189
2021-04-05 04:00:00,2.53,2.56,2.29,2.48,1293184
2021-04-06 04:00:00,2.47,2.57,2.37,2.52,996629
2021-04-07 04:00:00,2.5,2.55,2.28,2.3,1508661
2021-04-08 04:00:00,2.31,2.3168,2.12,2.18,1427360
2021-04-09 04:00:00,2.19,2.2234,2.08,2.09,1338772
2021-04-12 04:00:00,2.12,2.14,1.96,2.07,1773133
2021-04-13 04:00:00,2.07,2.37,2.04,2.25,2129541
2021-04-14 04:00:00,2.26,2.3479,2.18,2.29,969678
2021-04-15 04:00:00,2.3,2.34,2.1,2.22,1131075
2021-04-16 04:00:00,2.16,2.235,2.05,2.2,1011919
